BEGIN;
INSERT INTO diagnostics (id,client_id,client_name,client_email,client_org,tier,status,impact_scale,start_date,close_date,survey_closed_at,raters_finalized_at,all_raters_complete_at,intake_notes,created_at) VALUES ('6f8cca50-0f0c-40ea-bcb5-e3524a41f8d1','6a621345-f173-4e9e-9745-9e621a01eade','Arthur Allen','adallen1932@gmail.com',NULL,'standard','report_final',10,'2025-04-26','2025-04-26','2025-04-26T00:00:00Z','2025-04-26T00:00:00Z','2025-04-26T00:00:00Z','Legacy 360 import (prior instrument, different question set). Pillars mapped A/B/C; extra dimensions stored as L* codes.','2025-04-26T00:00:00Z');
INSERT INTO diagnostic_raters (id,diagnostic_id,name,email,relationship,is_self,completed_at,created_at) VALUES ('5983e15d-959c-4873-a05f-4b8f1fd04bec','6f8cca50-0f0c-40ea-bcb5-e3524a41f8d1','Arthur Allen','adallen1932@gmail.com','Self',true,'2025-04-26T00:00:00Z','2025-04-26T00:00:00Z');
INSERT INTO diagnostic_responses (diagnostic_id,rater_id,question_code,score) VALUES ('6f8cca50-0f0c-40ea-bcb5-e3524a41f8d1','5983e15d-959c-4873-a05f-4b8f1fd04bec','A1',4);
INSERT INTO diagnostic_responses (diagnostic_id,rater_id,question_code,score) VALUES ('6f8cca50-0f0c-40ea-bcb5-e3524a41f8d1','5983e15d-959c-4873-a05f-4b8f1fd04bec','B1',3);
INSERT INTO diagnostic_responses (diagnostic_id,rater_id,question_code,score) VALUES ('6f8cca50-0f0c-40ea-bcb5-e3524a41f8d1','5983e15d-959c-4873-a05f-4b8f1fd04bec','C1',3);
INSERT INTO diagnostic_responses (diagnostic_id,rater_id,question_code,score) VALUES ('6f8cca50-0f0c-40ea-bcb5-e3524a41f8d1','5983e15d-959c-4873-a05f-4b8f1fd04bec','LCOMM',4);
INSERT INTO diagnostic_responses (diagnostic_id,rater_id,question_code,score) VALUES ('6f8cca50-0f0c-40ea-bcb5-e3524a41f8d1','5983e15d-959c-4873-a05f-4b8f1fd04bec','LCONF',3);
INSERT INTO diagnostic_responses (diagnostic_id,rater_id,question_code,score) VALUES ('6f8cca50-0f0c-40ea-bcb5-e3524a41f8d1','5983e15d-959c-4873-a05f-4b8f1fd04bec','LINFL',4);
INSERT INTO diagnostic_responses (diagnostic_id,rater_id,question_code,score) VALUES ('6f8cca50-0f0c-40ea-bcb5-e3524a41f8d1','5983e15d-959c-4873-a05f-4b8f1fd04bec','LDEV',3);
INSERT INTO diagnostic_responses (diagnostic_id,rater_id,question_code,score) VALUES ('6f8cca50-0f0c-40ea-bcb5-e3524a41f8d1','5983e15d-959c-4873-a05f-4b8f1fd04bec','LSELF',3);
INSERT INTO diagnostic_responses (diagnostic_id,rater_id,question_code,score) VALUES ('6f8cca50-0f0c-40ea-bcb5-e3524a41f8d1','5983e15d-959c-4873-a05f-4b8f1fd04bec','LSTRAT',4);
INSERT INTO diagnostic_responses (diagnostic_id,rater_id,question_code,score) VALUES ('6f8cca50-0f0c-40ea-bcb5-e3524a41f8d1','5983e15d-959c-4873-a05f-4b8f1fd04bec','LCOLLAB',3);
INSERT INTO diagnostic_responses (diagnostic_id,rater_id,question_code,score) VALUES ('6f8cca50-0f0c-40ea-bcb5-e3524a41f8d1','5983e15d-959c-4873-a05f-4b8f1fd04bec','LACCT',4);
INSERT INTO diagnostic_responses (diagnostic_id,rater_id,question_code,score) VALUES ('6f8cca50-0f0c-40ea-bcb5-e3524a41f8d1','5983e15d-959c-4873-a05f-4b8f1fd04bec','LEXPECT',3);
INSERT INTO diagnostic_responses (diagnostic_id,rater_id,question_code,score) VALUES ('6f8cca50-0f0c-40ea-bcb5-e3524a41f8d1','5983e15d-959c-4873-a05f-4b8f1fd04bec','LCRISIS',4);
INSERT INTO diagnostic_responses (diagnostic_id,rater_id,question_code,score) VALUES ('6f8cca50-0f0c-40ea-bcb5-e3524a41f8d1','5983e15d-959c-4873-a05f-4b8f1fd04bec','LINSPIRE',3);
INSERT INTO diagnostic_responses (diagnostic_id,rater_id,question_code,score) VALUES ('6f8cca50-0f0c-40ea-bcb5-e3524a41f8d1','5983e15d-959c-4873-a05f-4b8f1fd04bec','LRELAT',3);
INSERT INTO diagnostic_responses (diagnostic_id,rater_id,question_code,score) VALUES ('6f8cca50-0f0c-40ea-bcb5-e3524a41f8d1','5983e15d-959c-4873-a05f-4b8f1fd04bec','D1',7);
INSERT INTO diagnostic_responses (diagnostic_id,rater_id,question_code,text_response) VALUES ('6f8cca50-0f0c-40ea-bcb5-e3524a41f8d1','5983e15d-959c-4873-a05f-4b8f1fd04bec','LSTART_TRUST','Provide a vision for the organization and establish SOPs for administrative rigger.');
INSERT INTO diagnostic_responses (diagnostic_id,rater_id,question_code,text_response) VALUES ('6f8cca50-0f0c-40ea-bcb5-e3524a41f8d1','5983e15d-959c-4873-a05f-4b8f1fd04bec','LSTOP_INIT','Stop the "long-winded" comments that make meetings long and ensure committee work is done in committee meetings.');
INSERT INTO diagnostic_responses (diagnostic_id,rater_id,question_code,text_response) VALUES ('6f8cca50-0f0c-40ea-bcb5-e3524a41f8d1','5983e15d-959c-4873-a05f-4b8f1fd04bec','LCONT_PROD','Continue to communicate with key committee chairpersons to ensure they''re making progress on major activities.');
INSERT INTO diagnostic_responses (diagnostic_id,rater_id,question_code,text_response) VALUES ('6f8cca50-0f0c-40ea-bcb5-e3524a41f8d1','5983e15d-959c-4873-a05f-4b8f1fd04bec','LSTOP_COMM','Stop the "long-winded" comments that make meetings long and ensure committee work is done in committee meetings.');
INSERT INTO diagnostic_responses (diagnostic_id,rater_id,question_code,text_response) VALUES ('6f8cca50-0f0c-40ea-bcb5-e3524a41f8d1','5983e15d-959c-4873-a05f-4b8f1fd04bec','LCREATIVE','Promoting the establishment of Alpha Merit Badge University as a youth mentoring pipeline to help disadvantage youth expand their vision of future career possibilities.');
INSERT INTO diagnostic_responses (diagnostic_id,rater_id,question_code,text_response) VALUES ('6f8cca50-0f0c-40ea-bcb5-e3524a41f8d1','5983e15d-959c-4873-a05f-4b8f1fd04bec','LSTART_IMPACT','Establish a Council of Presidents to advise/provide guidance on potential problems/pitfalls based on past attempts.');
INSERT INTO diagnostic_responses (diagnostic_id,rater_id,question_code,text_response) VALUES ('6f8cca50-0f0c-40ea-bcb5-e3524a41f8d1','5983e15d-959c-4873-a05f-4b8f1fd04bec','LSTOP_IMPACT','Having "long-winded" meetings which tend to become committee meetings.');
INSERT INTO diagnostic_responses (diagnostic_id,rater_id,question_code,text_response) VALUES ('6f8cca50-0f0c-40ea-bcb5-e3524a41f8d1','5983e15d-959c-4873-a05f-4b8f1fd04bec','LCONT_IMPACT','Ensure each meeting produces actionable outcomes with clear deadlines.');
INSERT INTO diagnostic_responses (diagnostic_id,rater_id,question_code,text_response) VALUES ('6f8cca50-0f0c-40ea-bcb5-e3524a41f8d1','5983e15d-959c-4873-a05f-4b8f1fd04bec','LDESCRIBE','He is a good advisor with good sense for impactful opportunities resulting from an eye on the big picture.');
INSERT INTO diagnostic_raters (id,diagnostic_id,name,email,relationship,is_self,completed_at,created_at) VALUES ('422819f2-5a00-4003-87a5-a8e9e88b4460','6f8cca50-0f0c-40ea-bcb5-e3524a41f8d1','J. Stanley Custis, Jr.','james.custisjr@gmail.com','Peer',false,'2025-04-26T00:00:00Z','2025-04-26T00:00:00Z');
INSERT INTO diagnostic_responses (diagnostic_id,rater_id,question_code,score) VALUES ('6f8cca50-0f0c-40ea-bcb5-e3524a41f8d1','422819f2-5a00-4003-87a5-a8e9e88b4460','A1',5);
INSERT INTO diagnostic_responses (diagnostic_id,rater_id,question_code,score) VALUES ('6f8cca50-0f0c-40ea-bcb5-e3524a41f8d1','422819f2-5a00-4003-87a5-a8e9e88b4460','B1',5);
INSERT INTO diagnostic_responses (diagnostic_id,rater_id,question_code,score) VALUES ('6f8cca50-0f0c-40ea-bcb5-e3524a41f8d1','422819f2-5a00-4003-87a5-a8e9e88b4460','C1',5);
INSERT INTO diagnostic_responses (diagnostic_id,rater_id,question_code,score) VALUES ('6f8cca50-0f0c-40ea-bcb5-e3524a41f8d1','422819f2-5a00-4003-87a5-a8e9e88b4460','LCOMM',5);
INSERT INTO diagnostic_responses (diagnostic_id,rater_id,question_code,score) VALUES ('6f8cca50-0f0c-40ea-bcb5-e3524a41f8d1','422819f2-5a00-4003-87a5-a8e9e88b4460','LCONF',5);
INSERT INTO diagnostic_responses (diagnostic_id,rater_id,question_code,score) VALUES ('6f8cca50-0f0c-40ea-bcb5-e3524a41f8d1','422819f2-5a00-4003-87a5-a8e9e88b4460','LINFL',5);
INSERT INTO diagnostic_responses (diagnostic_id,rater_id,question_code,score) VALUES ('6f8cca50-0f0c-40ea-bcb5-e3524a41f8d1','422819f2-5a00-4003-87a5-a8e9e88b4460','LDEV',5);
INSERT INTO diagnostic_responses (diagnostic_id,rater_id,question_code,score) VALUES ('6f8cca50-0f0c-40ea-bcb5-e3524a41f8d1','422819f2-5a00-4003-87a5-a8e9e88b4460','LSELF',5);
INSERT INTO diagnostic_responses (diagnostic_id,rater_id,question_code,score) VALUES ('6f8cca50-0f0c-40ea-bcb5-e3524a41f8d1','422819f2-5a00-4003-87a5-a8e9e88b4460','LSTRAT',5);
INSERT INTO diagnostic_responses (diagnostic_id,rater_id,question_code,score) VALUES ('6f8cca50-0f0c-40ea-bcb5-e3524a41f8d1','422819f2-5a00-4003-87a5-a8e9e88b4460','LCOLLAB',5);
INSERT INTO diagnostic_responses (diagnostic_id,rater_id,question_code,score) VALUES ('6f8cca50-0f0c-40ea-bcb5-e3524a41f8d1','422819f2-5a00-4003-87a5-a8e9e88b4460','LACCT',5);
INSERT INTO diagnostic_responses (diagnostic_id,rater_id,question_code,score) VALUES ('6f8cca50-0f0c-40ea-bcb5-e3524a41f8d1','422819f2-5a00-4003-87a5-a8e9e88b4460','LEXPECT',5);
INSERT INTO diagnostic_responses (diagnostic_id,rater_id,question_code,score) VALUES ('6f8cca50-0f0c-40ea-bcb5-e3524a41f8d1','422819f2-5a00-4003-87a5-a8e9e88b4460','LCRISIS',4);
INSERT INTO diagnostic_responses (diagnostic_id,rater_id,question_code,score) VALUES ('6f8cca50-0f0c-40ea-bcb5-e3524a41f8d1','422819f2-5a00-4003-87a5-a8e9e88b4460','LINSPIRE',5);
INSERT INTO diagnostic_responses (diagnostic_id,rater_id,question_code,score) VALUES ('6f8cca50-0f0c-40ea-bcb5-e3524a41f8d1','422819f2-5a00-4003-87a5-a8e9e88b4460','LRELAT',5);
INSERT INTO diagnostic_responses (diagnostic_id,rater_id,question_code,score) VALUES ('6f8cca50-0f0c-40ea-bcb5-e3524a41f8d1','422819f2-5a00-4003-87a5-a8e9e88b4460','D1',9);
INSERT INTO diagnostic_responses (diagnostic_id,rater_id,question_code,text_response) VALUES ('6f8cca50-0f0c-40ea-bcb5-e3524a41f8d1','422819f2-5a00-4003-87a5-a8e9e88b4460','LSTART_TRUST','conduct offsite teambuilding events');
INSERT INTO diagnostic_responses (diagnostic_id,rater_id,question_code,text_response) VALUES ('6f8cca50-0f0c-40ea-bcb5-e3524a41f8d1','422819f2-5a00-4003-87a5-a8e9e88b4460','LSTOP_INIT','nothing comes to mind');
INSERT INTO diagnostic_responses (diagnostic_id,rater_id,question_code,text_response) VALUES ('6f8cca50-0f0c-40ea-bcb5-e3524a41f8d1','422819f2-5a00-4003-87a5-a8e9e88b4460','LCONT_PROD','give guidance');
INSERT INTO diagnostic_responses (diagnostic_id,rater_id,question_code,text_response) VALUES ('6f8cca50-0f0c-40ea-bcb5-e3524a41f8d1','422819f2-5a00-4003-87a5-a8e9e88b4460','LSTOP_COMM','nothing comes to mind');
INSERT INTO diagnostic_responses (diagnostic_id,rater_id,question_code,text_response) VALUES ('6f8cca50-0f0c-40ea-bcb5-e3524a41f8d1','422819f2-5a00-4003-87a5-a8e9e88b4460','LCREATIVE','conducting interviews with senior members of the chapter');
INSERT INTO diagnostic_responses (diagnostic_id,rater_id,question_code,text_response) VALUES ('6f8cca50-0f0c-40ea-bcb5-e3524a41f8d1','422819f2-5a00-4003-87a5-a8e9e88b4460','LSTART_IMPACT','reach out to non-active members');
INSERT INTO diagnostic_responses (diagnostic_id,rater_id,question_code,text_response) VALUES ('6f8cca50-0f0c-40ea-bcb5-e3524a41f8d1','422819f2-5a00-4003-87a5-a8e9e88b4460','LSTOP_IMPACT','N/A');
INSERT INTO diagnostic_responses (diagnostic_id,rater_id,question_code,text_response) VALUES ('6f8cca50-0f0c-40ea-bcb5-e3524a41f8d1','422819f2-5a00-4003-87a5-a8e9e88b4460','LCONT_IMPACT','bridging the gap between the senior and younger members of the chapter');
INSERT INTO diagnostic_responses (diagnostic_id,rater_id,question_code,text_response) VALUES ('6f8cca50-0f0c-40ea-bcb5-e3524a41f8d1','422819f2-5a00-4003-87a5-a8e9e88b4460','LDESCRIBE','A Man with a purpose');
INSERT INTO diagnostic_raters (id,diagnostic_id,name,email,relationship,is_self,completed_at,created_at) VALUES ('f54e9b61-564f-46e6-80ef-5af15750acdf','6f8cca50-0f0c-40ea-bcb5-e3524a41f8d1','Dezmon Roman, Sr.','dezmonroman1906@gmail.com','Peer',false,'2025-04-26T00:00:00Z','2025-04-26T00:00:00Z');
INSERT INTO diagnostic_responses (diagnostic_id,rater_id,question_code,score) VALUES ('6f8cca50-0f0c-40ea-bcb5-e3524a41f8d1','f54e9b61-564f-46e6-80ef-5af15750acdf','A1',5);
INSERT INTO diagnostic_responses (diagnostic_id,rater_id,question_code,score) VALUES ('6f8cca50-0f0c-40ea-bcb5-e3524a41f8d1','f54e9b61-564f-46e6-80ef-5af15750acdf','B1',5);
INSERT INTO diagnostic_responses (diagnostic_id,rater_id,question_code,score) VALUES ('6f8cca50-0f0c-40ea-bcb5-e3524a41f8d1','f54e9b61-564f-46e6-80ef-5af15750acdf','C1',5);
INSERT INTO diagnostic_responses (diagnostic_id,rater_id,question_code,score) VALUES ('6f8cca50-0f0c-40ea-bcb5-e3524a41f8d1','f54e9b61-564f-46e6-80ef-5af15750acdf','LCOMM',5);
INSERT INTO diagnostic_responses (diagnostic_id,rater_id,question_code,score) VALUES ('6f8cca50-0f0c-40ea-bcb5-e3524a41f8d1','f54e9b61-564f-46e6-80ef-5af15750acdf','LCONF',5);
INSERT INTO diagnostic_responses (diagnostic_id,rater_id,question_code,score) VALUES ('6f8cca50-0f0c-40ea-bcb5-e3524a41f8d1','f54e9b61-564f-46e6-80ef-5af15750acdf','LINFL',5);
INSERT INTO diagnostic_responses (diagnostic_id,rater_id,question_code,score) VALUES ('6f8cca50-0f0c-40ea-bcb5-e3524a41f8d1','f54e9b61-564f-46e6-80ef-5af15750acdf','LDEV',5);
INSERT INTO diagnostic_responses (diagnostic_id,rater_id,question_code,score) VALUES ('6f8cca50-0f0c-40ea-bcb5-e3524a41f8d1','f54e9b61-564f-46e6-80ef-5af15750acdf','LSELF',5);
INSERT INTO diagnostic_responses (diagnostic_id,rater_id,question_code,score) VALUES ('6f8cca50-0f0c-40ea-bcb5-e3524a41f8d1','f54e9b61-564f-46e6-80ef-5af15750acdf','LSTRAT',5);
INSERT INTO diagnostic_responses (diagnostic_id,rater_id,question_code,score) VALUES ('6f8cca50-0f0c-40ea-bcb5-e3524a41f8d1','f54e9b61-564f-46e6-80ef-5af15750acdf','LCOLLAB',5);
INSERT INTO diagnostic_responses (diagnostic_id,rater_id,question_code,score) VALUES ('6f8cca50-0f0c-40ea-bcb5-e3524a41f8d1','f54e9b61-564f-46e6-80ef-5af15750acdf','LACCT',5);
INSERT INTO diagnostic_responses (diagnostic_id,rater_id,question_code,score) VALUES ('6f8cca50-0f0c-40ea-bcb5-e3524a41f8d1','f54e9b61-564f-46e6-80ef-5af15750acdf','LEXPECT',5);
INSERT INTO diagnostic_responses (diagnostic_id,rater_id,question_code,score) VALUES ('6f8cca50-0f0c-40ea-bcb5-e3524a41f8d1','f54e9b61-564f-46e6-80ef-5af15750acdf','LCRISIS',5);
INSERT INTO diagnostic_responses (diagnostic_id,rater_id,question_code,score) VALUES ('6f8cca50-0f0c-40ea-bcb5-e3524a41f8d1','f54e9b61-564f-46e6-80ef-5af15750acdf','LINSPIRE',5);
INSERT INTO diagnostic_responses (diagnostic_id,rater_id,question_code,score) VALUES ('6f8cca50-0f0c-40ea-bcb5-e3524a41f8d1','f54e9b61-564f-46e6-80ef-5af15750acdf','LRELAT',5);
INSERT INTO diagnostic_responses (diagnostic_id,rater_id,question_code,score) VALUES ('6f8cca50-0f0c-40ea-bcb5-e3524a41f8d1','f54e9b61-564f-46e6-80ef-5af15750acdf','D1',10);
INSERT INTO diagnostic_responses (diagnostic_id,rater_id,question_code,text_response) VALUES ('6f8cca50-0f0c-40ea-bcb5-e3524a41f8d1','f54e9b61-564f-46e6-80ef-5af15750acdf','LSTART_TRUST','Ask for help and input from team members, which demonstrates respect and empowers them.');
INSERT INTO diagnostic_responses (diagnostic_id,rater_id,question_code,text_response) VALUES ('6f8cca50-0f0c-40ea-bcb5-e3524a41f8d1','f54e9b61-564f-46e6-80ef-5af15750acdf','LSTOP_INIT','Nothing. Leader is not hindering the team''s ability to take initiative.');
INSERT INTO diagnostic_responses (diagnostic_id,rater_id,question_code,text_response) VALUES ('6f8cca50-0f0c-40ea-bcb5-e3524a41f8d1','f54e9b61-564f-46e6-80ef-5af15750acdf','LCONT_PROD','Having trust in each Officer performing their duties.');
INSERT INTO diagnostic_responses (diagnostic_id,rater_id,question_code,text_response) VALUES ('6f8cca50-0f0c-40ea-bcb5-e3524a41f8d1','f54e9b61-564f-46e6-80ef-5af15750acdf','LSTOP_COMM','Nothing');
INSERT INTO diagnostic_responses (diagnostic_id,rater_id,question_code,text_response) VALUES ('6f8cca50-0f0c-40ea-bcb5-e3524a41f8d1','f54e9b61-564f-46e6-80ef-5af15750acdf','LCREATIVE','has allowed the idea of technology innovations to replace older procedures.');
INSERT INTO diagnostic_responses (diagnostic_id,rater_id,question_code,text_response) VALUES ('6f8cca50-0f0c-40ea-bcb5-e3524a41f8d1','f54e9b61-564f-46e6-80ef-5af15750acdf','LSTART_IMPACT','Replace providing instant answers with questions like "What do you think we should do?"');
INSERT INTO diagnostic_responses (diagnostic_id,rater_id,question_code,text_response) VALUES ('6f8cca50-0f0c-40ea-bcb5-e3524a41f8d1','f54e9b61-564f-46e6-80ef-5af15750acdf','LSTOP_IMPACT','Stop tasking the same people.');
INSERT INTO diagnostic_responses (diagnostic_id,rater_id,question_code,text_response) VALUES ('6f8cca50-0f0c-40ea-bcb5-e3524a41f8d1','f54e9b61-564f-46e6-80ef-5af15750acdf','LCONT_IMPACT','Leads from the front');
INSERT INTO diagnostic_responses (diagnostic_id,rater_id,question_code,text_response) VALUES ('6f8cca50-0f0c-40ea-bcb5-e3524a41f8d1','f54e9b61-564f-46e6-80ef-5af15750acdf','LDESCRIBE','Thorough');
INSERT INTO diagnostic_raters (id,diagnostic_id,name,email,relationship,is_self,completed_at,created_at) VALUES ('1e15e383-5eb5-46d6-bccd-f49c87da7e27','6f8cca50-0f0c-40ea-bcb5-e3524a41f8d1','John Griffin, Jr.','griffinjva@gmail.com','Peer',false,'2025-04-26T00:00:00Z','2025-04-26T00:00:00Z');
INSERT INTO diagnostic_responses (diagnostic_id,rater_id,question_code,score) VALUES ('6f8cca50-0f0c-40ea-bcb5-e3524a41f8d1','1e15e383-5eb5-46d6-bccd-f49c87da7e27','A1',5);
INSERT INTO diagnostic_responses (diagnostic_id,rater_id,question_code,score) VALUES ('6f8cca50-0f0c-40ea-bcb5-e3524a41f8d1','1e15e383-5eb5-46d6-bccd-f49c87da7e27','B1',5);
INSERT INTO diagnostic_responses (diagnostic_id,rater_id,question_code,score) VALUES ('6f8cca50-0f0c-40ea-bcb5-e3524a41f8d1','1e15e383-5eb5-46d6-bccd-f49c87da7e27','C1',5);
INSERT INTO diagnostic_responses (diagnostic_id,rater_id,question_code,score) VALUES ('6f8cca50-0f0c-40ea-bcb5-e3524a41f8d1','1e15e383-5eb5-46d6-bccd-f49c87da7e27','LCOMM',5);
INSERT INTO diagnostic_responses (diagnostic_id,rater_id,question_code,score) VALUES ('6f8cca50-0f0c-40ea-bcb5-e3524a41f8d1','1e15e383-5eb5-46d6-bccd-f49c87da7e27','LCONF',5);
INSERT INTO diagnostic_responses (diagnostic_id,rater_id,question_code,score) VALUES ('6f8cca50-0f0c-40ea-bcb5-e3524a41f8d1','1e15e383-5eb5-46d6-bccd-f49c87da7e27','LINFL',5);
INSERT INTO diagnostic_responses (diagnostic_id,rater_id,question_code,score) VALUES ('6f8cca50-0f0c-40ea-bcb5-e3524a41f8d1','1e15e383-5eb5-46d6-bccd-f49c87da7e27','LDEV',5);
INSERT INTO diagnostic_responses (diagnostic_id,rater_id,question_code,score) VALUES ('6f8cca50-0f0c-40ea-bcb5-e3524a41f8d1','1e15e383-5eb5-46d6-bccd-f49c87da7e27','LSELF',5);
INSERT INTO diagnostic_responses (diagnostic_id,rater_id,question_code,score) VALUES ('6f8cca50-0f0c-40ea-bcb5-e3524a41f8d1','1e15e383-5eb5-46d6-bccd-f49c87da7e27','LSTRAT',5);
INSERT INTO diagnostic_responses (diagnostic_id,rater_id,question_code,score) VALUES ('6f8cca50-0f0c-40ea-bcb5-e3524a41f8d1','1e15e383-5eb5-46d6-bccd-f49c87da7e27','LCOLLAB',5);
INSERT INTO diagnostic_responses (diagnostic_id,rater_id,question_code,score) VALUES ('6f8cca50-0f0c-40ea-bcb5-e3524a41f8d1','1e15e383-5eb5-46d6-bccd-f49c87da7e27','LACCT',5);
INSERT INTO diagnostic_responses (diagnostic_id,rater_id,question_code,score) VALUES ('6f8cca50-0f0c-40ea-bcb5-e3524a41f8d1','1e15e383-5eb5-46d6-bccd-f49c87da7e27','LEXPECT',5);
INSERT INTO diagnostic_responses (diagnostic_id,rater_id,question_code,score) VALUES ('6f8cca50-0f0c-40ea-bcb5-e3524a41f8d1','1e15e383-5eb5-46d6-bccd-f49c87da7e27','LCRISIS',5);
INSERT INTO diagnostic_responses (diagnostic_id,rater_id,question_code,score) VALUES ('6f8cca50-0f0c-40ea-bcb5-e3524a41f8d1','1e15e383-5eb5-46d6-bccd-f49c87da7e27','LINSPIRE',5);
INSERT INTO diagnostic_responses (diagnostic_id,rater_id,question_code,score) VALUES ('6f8cca50-0f0c-40ea-bcb5-e3524a41f8d1','1e15e383-5eb5-46d6-bccd-f49c87da7e27','LRELAT',5);
INSERT INTO diagnostic_responses (diagnostic_id,rater_id,question_code,score) VALUES ('6f8cca50-0f0c-40ea-bcb5-e3524a41f8d1','1e15e383-5eb5-46d6-bccd-f49c87da7e27','D1',9);
INSERT INTO diagnostic_responses (diagnostic_id,rater_id,question_code,text_response) VALUES ('6f8cca50-0f0c-40ea-bcb5-e3524a41f8d1','1e15e383-5eb5-46d6-bccd-f49c87da7e27','LSTART_TRUST','Continued communication and support from all participating int he organization');
INSERT INTO diagnostic_responses (diagnostic_id,rater_id,question_code,text_response) VALUES ('6f8cca50-0f0c-40ea-bcb5-e3524a41f8d1','1e15e383-5eb5-46d6-bccd-f49c87da7e27','LSTOP_INIT','Presenting the 5''ws early in th communication');
INSERT INTO diagnostic_responses (diagnostic_id,rater_id,question_code,text_response) VALUES ('6f8cca50-0f0c-40ea-bcb5-e3524a41f8d1','1e15e383-5eb5-46d6-bccd-f49c87da7e27','LCONT_PROD','Embrace all members of the organization with continued pride.');
INSERT INTO diagnostic_responses (diagnostic_id,rater_id,question_code,text_response) VALUES ('6f8cca50-0f0c-40ea-bcb5-e3524a41f8d1','1e15e383-5eb5-46d6-bccd-f49c87da7e27','LSTOP_COMM','Allow fellow members to showcase their talents and give your honest appreciation / feedback');
INSERT INTO diagnostic_responses (diagnostic_id,rater_id,question_code,text_response) VALUES ('6f8cca50-0f0c-40ea-bcb5-e3524a41f8d1','1e15e383-5eb5-46d6-bccd-f49c87da7e27','LCREATIVE','Offering a Voluntary Scouting Program to the local community');
INSERT INTO diagnostic_responses (diagnostic_id,rater_id,question_code,text_response) VALUES ('6f8cca50-0f0c-40ea-bcb5-e3524a41f8d1','1e15e383-5eb5-46d6-bccd-f49c87da7e27','LSTART_IMPACT','Communication is key.');
INSERT INTO diagnostic_responses (diagnostic_id,rater_id,question_code,text_response) VALUES ('6f8cca50-0f0c-40ea-bcb5-e3524a41f8d1','1e15e383-5eb5-46d6-bccd-f49c87da7e27','LSTOP_IMPACT','N/A');
INSERT INTO diagnostic_responses (diagnostic_id,rater_id,question_code,text_response) VALUES ('6f8cca50-0f0c-40ea-bcb5-e3524a41f8d1','1e15e383-5eb5-46d6-bccd-f49c87da7e27','LCONT_IMPACT','Follow-up');
INSERT INTO diagnostic_responses (diagnostic_id,rater_id,question_code,text_response) VALUES ('6f8cca50-0f0c-40ea-bcb5-e3524a41f8d1','1e15e383-5eb5-46d6-bccd-f49c87da7e27','LDESCRIBE','Professinal and Kindness');
INSERT INTO diagnostic_raters (id,diagnostic_id,name,email,relationship,is_self,completed_at,created_at) VALUES ('8490b9d9-c56a-451f-927f-be226eafe9c1','6f8cca50-0f0c-40ea-bcb5-e3524a41f8d1','Shane Ahnee','shaneahnee@gmail.com','Peer',false,'2025-04-26T00:00:00Z','2025-04-26T00:00:00Z');
INSERT INTO diagnostic_responses (diagnostic_id,rater_id,question_code,score) VALUES ('6f8cca50-0f0c-40ea-bcb5-e3524a41f8d1','8490b9d9-c56a-451f-927f-be226eafe9c1','A1',4);
INSERT INTO diagnostic_responses (diagnostic_id,rater_id,question_code,score) VALUES ('6f8cca50-0f0c-40ea-bcb5-e3524a41f8d1','8490b9d9-c56a-451f-927f-be226eafe9c1','B1',4);
INSERT INTO diagnostic_responses (diagnostic_id,rater_id,question_code,score) VALUES ('6f8cca50-0f0c-40ea-bcb5-e3524a41f8d1','8490b9d9-c56a-451f-927f-be226eafe9c1','C1',3);
INSERT INTO diagnostic_responses (diagnostic_id,rater_id,question_code,score) VALUES ('6f8cca50-0f0c-40ea-bcb5-e3524a41f8d1','8490b9d9-c56a-451f-927f-be226eafe9c1','LCOMM',3);
INSERT INTO diagnostic_responses (diagnostic_id,rater_id,question_code,score) VALUES ('6f8cca50-0f0c-40ea-bcb5-e3524a41f8d1','8490b9d9-c56a-451f-927f-be226eafe9c1','LCONF',4);
INSERT INTO diagnostic_responses (diagnostic_id,rater_id,question_code,score) VALUES ('6f8cca50-0f0c-40ea-bcb5-e3524a41f8d1','8490b9d9-c56a-451f-927f-be226eafe9c1','LINFL',3);
INSERT INTO diagnostic_responses (diagnostic_id,rater_id,question_code,score) VALUES ('6f8cca50-0f0c-40ea-bcb5-e3524a41f8d1','8490b9d9-c56a-451f-927f-be226eafe9c1','LDEV',4);
INSERT INTO diagnostic_responses (diagnostic_id,rater_id,question_code,score) VALUES ('6f8cca50-0f0c-40ea-bcb5-e3524a41f8d1','8490b9d9-c56a-451f-927f-be226eafe9c1','LSELF',4);
INSERT INTO diagnostic_responses (diagnostic_id,rater_id,question_code,score) VALUES ('6f8cca50-0f0c-40ea-bcb5-e3524a41f8d1','8490b9d9-c56a-451f-927f-be226eafe9c1','LSTRAT',4);
INSERT INTO diagnostic_responses (diagnostic_id,rater_id,question_code,score) VALUES ('6f8cca50-0f0c-40ea-bcb5-e3524a41f8d1','8490b9d9-c56a-451f-927f-be226eafe9c1','LCOLLAB',3);
INSERT INTO diagnostic_responses (diagnostic_id,rater_id,question_code,score) VALUES ('6f8cca50-0f0c-40ea-bcb5-e3524a41f8d1','8490b9d9-c56a-451f-927f-be226eafe9c1','LACCT',3);
INSERT INTO diagnostic_responses (diagnostic_id,rater_id,question_code,score) VALUES ('6f8cca50-0f0c-40ea-bcb5-e3524a41f8d1','8490b9d9-c56a-451f-927f-be226eafe9c1','LEXPECT',4);
INSERT INTO diagnostic_responses (diagnostic_id,rater_id,question_code,score) VALUES ('6f8cca50-0f0c-40ea-bcb5-e3524a41f8d1','8490b9d9-c56a-451f-927f-be226eafe9c1','LCRISIS',4);
INSERT INTO diagnostic_responses (diagnostic_id,rater_id,question_code,score) VALUES ('6f8cca50-0f0c-40ea-bcb5-e3524a41f8d1','8490b9d9-c56a-451f-927f-be226eafe9c1','LINSPIRE',3);
INSERT INTO diagnostic_responses (diagnostic_id,rater_id,question_code,score) VALUES ('6f8cca50-0f0c-40ea-bcb5-e3524a41f8d1','8490b9d9-c56a-451f-927f-be226eafe9c1','LRELAT',3);
INSERT INTO diagnostic_responses (diagnostic_id,rater_id,question_code,score) VALUES ('6f8cca50-0f0c-40ea-bcb5-e3524a41f8d1','8490b9d9-c56a-451f-927f-be226eafe9c1','D1',8);
INSERT INTO diagnostic_responses (diagnostic_id,rater_id,question_code,text_response) VALUES ('6f8cca50-0f0c-40ea-bcb5-e3524a41f8d1','8490b9d9-c56a-451f-927f-be226eafe9c1','LSTART_TRUST','Be more Organized with Executive meetings');
INSERT INTO diagnostic_responses (diagnostic_id,rater_id,question_code,text_response) VALUES ('6f8cca50-0f0c-40ea-bcb5-e3524a41f8d1','8490b9d9-c56a-451f-927f-be226eafe9c1','LSTOP_INIT','Time Management');
INSERT INTO diagnostic_responses (diagnostic_id,rater_id,question_code,text_response) VALUES ('6f8cca50-0f0c-40ea-bcb5-e3524a41f8d1','8490b9d9-c56a-451f-927f-be226eafe9c1','LCONT_PROD','Cohesive');
INSERT INTO diagnostic_responses (diagnostic_id,rater_id,question_code,text_response) VALUES ('6f8cca50-0f0c-40ea-bcb5-e3524a41f8d1','8490b9d9-c56a-451f-927f-be226eafe9c1','LSTOP_COMM','Pay more attention to what the chapter needs done');
INSERT INTO diagnostic_responses (diagnostic_id,rater_id,question_code,text_response) VALUES ('6f8cca50-0f0c-40ea-bcb5-e3524a41f8d1','8490b9d9-c56a-451f-927f-be226eafe9c1','LCREATIVE','N/A');
INSERT INTO diagnostic_responses (diagnostic_id,rater_id,question_code,text_response) VALUES ('6f8cca50-0f0c-40ea-bcb5-e3524a41f8d1','8490b9d9-c56a-451f-927f-be226eafe9c1','LSTART_IMPACT','Time management for meetings');
INSERT INTO diagnostic_responses (diagnostic_id,rater_id,question_code,text_response) VALUES ('6f8cca50-0f0c-40ea-bcb5-e3524a41f8d1','8490b9d9-c56a-451f-927f-be226eafe9c1','LSTOP_IMPACT','N/A');
INSERT INTO diagnostic_responses (diagnostic_id,rater_id,question_code,text_response) VALUES ('6f8cca50-0f0c-40ea-bcb5-e3524a41f8d1','8490b9d9-c56a-451f-927f-be226eafe9c1','LCONT_IMPACT','Trust in Staff');
INSERT INTO diagnostic_responses (diagnostic_id,rater_id,question_code,text_response) VALUES ('6f8cca50-0f0c-40ea-bcb5-e3524a41f8d1','8490b9d9-c56a-451f-927f-be226eafe9c1','LDESCRIBE','Great person, Reliable');
INSERT INTO diagnostic_raters (id,diagnostic_id,name,email,relationship,is_self,completed_at,created_at) VALUES ('7f485c31-5b0e-400e-87b4-b3a93fb8f624','6f8cca50-0f0c-40ea-bcb5-e3524a41f8d1','Damien Blackwell ','d.blackwell0927@gmail.com','Direct Report',false,'2025-04-26T00:00:00Z','2025-04-26T00:00:00Z');
INSERT INTO diagnostic_responses (diagnostic_id,rater_id,question_code,score) VALUES ('6f8cca50-0f0c-40ea-bcb5-e3524a41f8d1','7f485c31-5b0e-400e-87b4-b3a93fb8f624','A1',4);
INSERT INTO diagnostic_responses (diagnostic_id,rater_id,question_code,score) VALUES ('6f8cca50-0f0c-40ea-bcb5-e3524a41f8d1','7f485c31-5b0e-400e-87b4-b3a93fb8f624','B1',5);
INSERT INTO diagnostic_responses (diagnostic_id,rater_id,question_code,score) VALUES ('6f8cca50-0f0c-40ea-bcb5-e3524a41f8d1','7f485c31-5b0e-400e-87b4-b3a93fb8f624','C1',2);
INSERT INTO diagnostic_responses (diagnostic_id,rater_id,question_code,score) VALUES ('6f8cca50-0f0c-40ea-bcb5-e3524a41f8d1','7f485c31-5b0e-400e-87b4-b3a93fb8f624','LCOMM',3);
INSERT INTO diagnostic_responses (diagnostic_id,rater_id,question_code,score) VALUES ('6f8cca50-0f0c-40ea-bcb5-e3524a41f8d1','7f485c31-5b0e-400e-87b4-b3a93fb8f624','LCONF',4);
INSERT INTO diagnostic_responses (diagnostic_id,rater_id,question_code,score) VALUES ('6f8cca50-0f0c-40ea-bcb5-e3524a41f8d1','7f485c31-5b0e-400e-87b4-b3a93fb8f624','LINFL',4);
INSERT INTO diagnostic_responses (diagnostic_id,rater_id,question_code,score) VALUES ('6f8cca50-0f0c-40ea-bcb5-e3524a41f8d1','7f485c31-5b0e-400e-87b4-b3a93fb8f624','LDEV',5);
INSERT INTO diagnostic_responses (diagnostic_id,rater_id,question_code,score) VALUES ('6f8cca50-0f0c-40ea-bcb5-e3524a41f8d1','7f485c31-5b0e-400e-87b4-b3a93fb8f624','LSELF',5);
INSERT INTO diagnostic_responses (diagnostic_id,rater_id,question_code,score) VALUES ('6f8cca50-0f0c-40ea-bcb5-e3524a41f8d1','7f485c31-5b0e-400e-87b4-b3a93fb8f624','LSTRAT',5);
INSERT INTO diagnostic_responses (diagnostic_id,rater_id,question_code,score) VALUES ('6f8cca50-0f0c-40ea-bcb5-e3524a41f8d1','7f485c31-5b0e-400e-87b4-b3a93fb8f624','LCOLLAB',4);
INSERT INTO diagnostic_responses (diagnostic_id,rater_id,question_code,score) VALUES ('6f8cca50-0f0c-40ea-bcb5-e3524a41f8d1','7f485c31-5b0e-400e-87b4-b3a93fb8f624','LACCT',5);
INSERT INTO diagnostic_responses (diagnostic_id,rater_id,question_code,score) VALUES ('6f8cca50-0f0c-40ea-bcb5-e3524a41f8d1','7f485c31-5b0e-400e-87b4-b3a93fb8f624','LEXPECT',4);
INSERT INTO diagnostic_responses (diagnostic_id,rater_id,question_code,score) VALUES ('6f8cca50-0f0c-40ea-bcb5-e3524a41f8d1','7f485c31-5b0e-400e-87b4-b3a93fb8f624','LCRISIS',4);
INSERT INTO diagnostic_responses (diagnostic_id,rater_id,question_code,score) VALUES ('6f8cca50-0f0c-40ea-bcb5-e3524a41f8d1','7f485c31-5b0e-400e-87b4-b3a93fb8f624','LINSPIRE',4);
INSERT INTO diagnostic_responses (diagnostic_id,rater_id,question_code,score) VALUES ('6f8cca50-0f0c-40ea-bcb5-e3524a41f8d1','7f485c31-5b0e-400e-87b4-b3a93fb8f624','LRELAT',4);
INSERT INTO diagnostic_responses (diagnostic_id,rater_id,question_code,score) VALUES ('6f8cca50-0f0c-40ea-bcb5-e3524a41f8d1','7f485c31-5b0e-400e-87b4-b3a93fb8f624','D1',8);
INSERT INTO diagnostic_responses (diagnostic_id,rater_id,question_code,text_response) VALUES ('6f8cca50-0f0c-40ea-bcb5-e3524a41f8d1','7f485c31-5b0e-400e-87b4-b3a93fb8f624','LSTART_TRUST','Avoid additional steps and redundant processes during meetings that he leads');
INSERT INTO diagnostic_responses (diagnostic_id,rater_id,question_code,text_response) VALUES ('6f8cca50-0f0c-40ea-bcb5-e3524a41f8d1','7f485c31-5b0e-400e-87b4-b3a93fb8f624','LSTOP_INIT','Nothing has hindered the team from taking initiative');
INSERT INTO diagnostic_responses (diagnostic_id,rater_id,question_code,text_response) VALUES ('6f8cca50-0f0c-40ea-bcb5-e3524a41f8d1','7f485c31-5b0e-400e-87b4-b3a93fb8f624','LCONT_PROD','Continue to listen to team member''s feedback regarding topics we are have experience with');
INSERT INTO diagnostic_responses (diagnostic_id,rater_id,question_code,text_response) VALUES ('6f8cca50-0f0c-40ea-bcb5-e3524a41f8d1','7f485c31-5b0e-400e-87b4-b3a93fb8f624','LSTOP_COMM','Make process improvements as he requires; however, stop adding nonessential requirements to the processes that are on place and produces the same result');
INSERT INTO diagnostic_responses (diagnostic_id,rater_id,question_code,text_response) VALUES ('6f8cca50-0f0c-40ea-bcb5-e3524a41f8d1','7f485c31-5b0e-400e-87b4-b3a93fb8f624','LCREATIVE','He is extremely detailed oriented. He has directed further research which identified shortcomings in the budgeting process which proved valuable to the team');
INSERT INTO diagnostic_responses (diagnostic_id,rater_id,question_code,text_response) VALUES ('6f8cca50-0f0c-40ea-bcb5-e3524a41f8d1','7f485c31-5b0e-400e-87b4-b3a93fb8f624','LSTART_IMPACT','Although I have not worked at the level he currently holds, I believe his leadership will elevate if he takes notes from those leaders who held his position in the past');
INSERT INTO diagnostic_responses (diagnostic_id,rater_id,question_code,text_response) VALUES ('6f8cca50-0f0c-40ea-bcb5-e3524a41f8d1','7f485c31-5b0e-400e-87b4-b3a93fb8f624','LSTOP_IMPACT','As mentioned earlier, adding redundant processes will produce more effective meetings that he directs');
INSERT INTO diagnostic_responses (diagnostic_id,rater_id,question_code,text_response) VALUES ('6f8cca50-0f0c-40ea-bcb5-e3524a41f8d1','7f485c31-5b0e-400e-87b4-b3a93fb8f624','LCONT_IMPACT','Remain detailed oriented to identify items that committee members and other Brothers may overlook');
INSERT INTO diagnostic_responses (diagnostic_id,rater_id,question_code,text_response) VALUES ('6f8cca50-0f0c-40ea-bcb5-e3524a41f8d1','7f485c31-5b0e-400e-87b4-b3a93fb8f624','LDESCRIBE','Meticulous / Analytical / Knowledgable / Learning');
INSERT INTO diagnostic_raters (id,diagnostic_id,name,email,relationship,is_self,completed_at,created_at) VALUES ('c04d5c07-608b-415e-aa4a-6cebefb40ec0','6f8cca50-0f0c-40ea-bcb5-e3524a41f8d1','Ronald Sutton','RonSutton214@gmail.com','Peer',false,'2025-04-26T00:00:00Z','2025-04-26T00:00:00Z');
INSERT INTO diagnostic_responses (diagnostic_id,rater_id,question_code,score) VALUES ('6f8cca50-0f0c-40ea-bcb5-e3524a41f8d1','c04d5c07-608b-415e-aa4a-6cebefb40ec0','A1',5);
INSERT INTO diagnostic_responses (diagnostic_id,rater_id,question_code,score) VALUES ('6f8cca50-0f0c-40ea-bcb5-e3524a41f8d1','c04d5c07-608b-415e-aa4a-6cebefb40ec0','B1',5);
INSERT INTO diagnostic_responses (diagnostic_id,rater_id,question_code,score) VALUES ('6f8cca50-0f0c-40ea-bcb5-e3524a41f8d1','c04d5c07-608b-415e-aa4a-6cebefb40ec0','C1',4);
INSERT INTO diagnostic_responses (diagnostic_id,rater_id,question_code,score) VALUES ('6f8cca50-0f0c-40ea-bcb5-e3524a41f8d1','c04d5c07-608b-415e-aa4a-6cebefb40ec0','LCOMM',5);
INSERT INTO diagnostic_responses (diagnostic_id,rater_id,question_code,score) VALUES ('6f8cca50-0f0c-40ea-bcb5-e3524a41f8d1','c04d5c07-608b-415e-aa4a-6cebefb40ec0','LCONF',4);
INSERT INTO diagnostic_responses (diagnostic_id,rater_id,question_code,score) VALUES ('6f8cca50-0f0c-40ea-bcb5-e3524a41f8d1','c04d5c07-608b-415e-aa4a-6cebefb40ec0','LINFL',4);
INSERT INTO diagnostic_responses (diagnostic_id,rater_id,question_code,score) VALUES ('6f8cca50-0f0c-40ea-bcb5-e3524a41f8d1','c04d5c07-608b-415e-aa4a-6cebefb40ec0','LDEV',4);
INSERT INTO diagnostic_responses (diagnostic_id,rater_id,question_code,score) VALUES ('6f8cca50-0f0c-40ea-bcb5-e3524a41f8d1','c04d5c07-608b-415e-aa4a-6cebefb40ec0','LSELF',5);
INSERT INTO diagnostic_responses (diagnostic_id,rater_id,question_code,score) VALUES ('6f8cca50-0f0c-40ea-bcb5-e3524a41f8d1','c04d5c07-608b-415e-aa4a-6cebefb40ec0','LSTRAT',5);
INSERT INTO diagnostic_responses (diagnostic_id,rater_id,question_code,score) VALUES ('6f8cca50-0f0c-40ea-bcb5-e3524a41f8d1','c04d5c07-608b-415e-aa4a-6cebefb40ec0','LCOLLAB',5);
INSERT INTO diagnostic_responses (diagnostic_id,rater_id,question_code,score) VALUES ('6f8cca50-0f0c-40ea-bcb5-e3524a41f8d1','c04d5c07-608b-415e-aa4a-6cebefb40ec0','LACCT',5);
INSERT INTO diagnostic_responses (diagnostic_id,rater_id,question_code,score) VALUES ('6f8cca50-0f0c-40ea-bcb5-e3524a41f8d1','c04d5c07-608b-415e-aa4a-6cebefb40ec0','LEXPECT',4);
INSERT INTO diagnostic_responses (diagnostic_id,rater_id,question_code,score) VALUES ('6f8cca50-0f0c-40ea-bcb5-e3524a41f8d1','c04d5c07-608b-415e-aa4a-6cebefb40ec0','LCRISIS',5);
INSERT INTO diagnostic_responses (diagnostic_id,rater_id,question_code,score) VALUES ('6f8cca50-0f0c-40ea-bcb5-e3524a41f8d1','c04d5c07-608b-415e-aa4a-6cebefb40ec0','LINSPIRE',5);
INSERT INTO diagnostic_responses (diagnostic_id,rater_id,question_code,score) VALUES ('6f8cca50-0f0c-40ea-bcb5-e3524a41f8d1','c04d5c07-608b-415e-aa4a-6cebefb40ec0','LRELAT',5);
INSERT INTO diagnostic_responses (diagnostic_id,rater_id,question_code,score) VALUES ('6f8cca50-0f0c-40ea-bcb5-e3524a41f8d1','c04d5c07-608b-415e-aa4a-6cebefb40ec0','D1',9);
INSERT INTO diagnostic_responses (diagnostic_id,rater_id,question_code,text_response) VALUES ('6f8cca50-0f0c-40ea-bcb5-e3524a41f8d1','c04d5c07-608b-415e-aa4a-6cebefb40ec0','LSTART_TRUST','He’s okay in this area.');
INSERT INTO diagnostic_responses (diagnostic_id,rater_id,question_code,text_response) VALUES ('6f8cca50-0f0c-40ea-bcb5-e3524a41f8d1','c04d5c07-608b-415e-aa4a-6cebefb40ec0','LSTOP_INIT','He’s fine in this area.');
INSERT INTO diagnostic_responses (diagnostic_id,rater_id,question_code,text_response) VALUES ('6f8cca50-0f0c-40ea-bcb5-e3524a41f8d1','c04d5c07-608b-415e-aa4a-6cebefb40ec0','LCONT_PROD','Ensuring committee chairs start planning early and coordinate with internal and external sources for maximum organization effectiveness.');
INSERT INTO diagnostic_responses (diagnostic_id,rater_id,question_code,text_response) VALUES ('6f8cca50-0f0c-40ea-bcb5-e3524a41f8d1','c04d5c07-608b-415e-aa4a-6cebefb40ec0','LSTOP_COMM','He’s fine in this area.');
INSERT INTO diagnostic_responses (diagnostic_id,rater_id,question_code,text_response) VALUES ('6f8cca50-0f0c-40ea-bcb5-e3524a41f8d1','c04d5c07-608b-415e-aa4a-6cebefb40ec0','LCREATIVE','Consistent and effective Executive Board meeting with good outcomes.');
INSERT INTO diagnostic_responses (diagnostic_id,rater_id,question_code,text_response) VALUES ('6f8cca50-0f0c-40ea-bcb5-e3524a41f8d1','c04d5c07-608b-415e-aa4a-6cebefb40ec0','LSTART_IMPACT','Ensure effective and timely AARs with committee chairs.');
INSERT INTO diagnostic_responses (diagnostic_id,rater_id,question_code,text_response) VALUES ('6f8cca50-0f0c-40ea-bcb5-e3524a41f8d1','c04d5c07-608b-415e-aa4a-6cebefb40ec0','LSTOP_IMPACT','Nothing.');
INSERT INTO diagnostic_responses (diagnostic_id,rater_id,question_code,text_response) VALUES ('6f8cca50-0f0c-40ea-bcb5-e3524a41f8d1','c04d5c07-608b-415e-aa4a-6cebefb40ec0','LCONT_IMPACT','Engagement with all brothers with positive communication, to include senior brothers counseling.');
INSERT INTO diagnostic_responses (diagnostic_id,rater_id,question_code,text_response) VALUES ('6f8cca50-0f0c-40ea-bcb5-e3524a41f8d1','c04d5c07-608b-415e-aa4a-6cebefb40ec0','LDESCRIBE','A committed and passionate leader who cares about the organization.');
INSERT INTO diagnostic_raters (id,diagnostic_id,name,email,relationship,is_self,completed_at,created_at) VALUES ('64d0a976-c918-4a3c-ac9a-c33f687e7f25','6f8cca50-0f0c-40ea-bcb5-e3524a41f8d1','Charles','ctalleyjr06@gmail.com','Direct Report',false,'2025-04-26T00:00:00Z','2025-04-26T00:00:00Z');
INSERT INTO diagnostic_responses (diagnostic_id,rater_id,question_code,score) VALUES ('6f8cca50-0f0c-40ea-bcb5-e3524a41f8d1','64d0a976-c918-4a3c-ac9a-c33f687e7f25','A1',5);
INSERT INTO diagnostic_responses (diagnostic_id,rater_id,question_code,score) VALUES ('6f8cca50-0f0c-40ea-bcb5-e3524a41f8d1','64d0a976-c918-4a3c-ac9a-c33f687e7f25','B1',5);
INSERT INTO diagnostic_responses (diagnostic_id,rater_id,question_code,score) VALUES ('6f8cca50-0f0c-40ea-bcb5-e3524a41f8d1','64d0a976-c918-4a3c-ac9a-c33f687e7f25','C1',5);
INSERT INTO diagnostic_responses (diagnostic_id,rater_id,question_code,score) VALUES ('6f8cca50-0f0c-40ea-bcb5-e3524a41f8d1','64d0a976-c918-4a3c-ac9a-c33f687e7f25','LCOMM',5);
INSERT INTO diagnostic_responses (diagnostic_id,rater_id,question_code,score) VALUES ('6f8cca50-0f0c-40ea-bcb5-e3524a41f8d1','64d0a976-c918-4a3c-ac9a-c33f687e7f25','LCONF',5);
INSERT INTO diagnostic_responses (diagnostic_id,rater_id,question_code,score) VALUES ('6f8cca50-0f0c-40ea-bcb5-e3524a41f8d1','64d0a976-c918-4a3c-ac9a-c33f687e7f25','LINFL',4);
INSERT INTO diagnostic_responses (diagnostic_id,rater_id,question_code,score) VALUES ('6f8cca50-0f0c-40ea-bcb5-e3524a41f8d1','64d0a976-c918-4a3c-ac9a-c33f687e7f25','LDEV',5);
INSERT INTO diagnostic_responses (diagnostic_id,rater_id,question_code,score) VALUES ('6f8cca50-0f0c-40ea-bcb5-e3524a41f8d1','64d0a976-c918-4a3c-ac9a-c33f687e7f25','LSELF',5);
INSERT INTO diagnostic_responses (diagnostic_id,rater_id,question_code,score) VALUES ('6f8cca50-0f0c-40ea-bcb5-e3524a41f8d1','64d0a976-c918-4a3c-ac9a-c33f687e7f25','LSTRAT',5);
INSERT INTO diagnostic_responses (diagnostic_id,rater_id,question_code,score) VALUES ('6f8cca50-0f0c-40ea-bcb5-e3524a41f8d1','64d0a976-c918-4a3c-ac9a-c33f687e7f25','LCOLLAB',5);
INSERT INTO diagnostic_responses (diagnostic_id,rater_id,question_code,score) VALUES ('6f8cca50-0f0c-40ea-bcb5-e3524a41f8d1','64d0a976-c918-4a3c-ac9a-c33f687e7f25','LACCT',5);
INSERT INTO diagnostic_responses (diagnostic_id,rater_id,question_code,score) VALUES ('6f8cca50-0f0c-40ea-bcb5-e3524a41f8d1','64d0a976-c918-4a3c-ac9a-c33f687e7f25','LEXPECT',5);
INSERT INTO diagnostic_responses (diagnostic_id,rater_id,question_code,score) VALUES ('6f8cca50-0f0c-40ea-bcb5-e3524a41f8d1','64d0a976-c918-4a3c-ac9a-c33f687e7f25','LCRISIS',5);
INSERT INTO diagnostic_responses (diagnostic_id,rater_id,question_code,score) VALUES ('6f8cca50-0f0c-40ea-bcb5-e3524a41f8d1','64d0a976-c918-4a3c-ac9a-c33f687e7f25','LINSPIRE',4);
INSERT INTO diagnostic_responses (diagnostic_id,rater_id,question_code,score) VALUES ('6f8cca50-0f0c-40ea-bcb5-e3524a41f8d1','64d0a976-c918-4a3c-ac9a-c33f687e7f25','LRELAT',5);
INSERT INTO diagnostic_responses (diagnostic_id,rater_id,question_code,score) VALUES ('6f8cca50-0f0c-40ea-bcb5-e3524a41f8d1','64d0a976-c918-4a3c-ac9a-c33f687e7f25','D1',9);
INSERT INTO diagnostic_responses (diagnostic_id,rater_id,question_code,text_response) VALUES ('6f8cca50-0f0c-40ea-bcb5-e3524a41f8d1','64d0a976-c918-4a3c-ac9a-c33f687e7f25','LSTART_TRUST','This leader is humble and very trustworthy.  I cannot think of any he could start to build even greater trust.');
INSERT INTO diagnostic_responses (diagnostic_id,rater_id,question_code,text_response) VALUES ('6f8cca50-0f0c-40ea-bcb5-e3524a41f8d1','64d0a976-c918-4a3c-ac9a-c33f687e7f25','LSTOP_INIT','Spend less time following up on known deliverables.');
INSERT INTO diagnostic_responses (diagnostic_id,rater_id,question_code,text_response) VALUES ('6f8cca50-0f0c-40ea-bcb5-e3524a41f8d1','64d0a976-c918-4a3c-ac9a-c33f687e7f25','LCONT_PROD','Continuing asking the hard questions during the planning process because they held lead to positive execution of the required action.');
INSERT INTO diagnostic_responses (diagnostic_id,rater_id,question_code,text_response) VALUES ('6f8cca50-0f0c-40ea-bcb5-e3524a41f8d1','64d0a976-c918-4a3c-ac9a-c33f687e7f25','LSTOP_COMM','Supplement verbal communication with additional email correspondence when applicable.');
INSERT INTO diagnostic_responses (diagnostic_id,rater_id,question_code,text_response) VALUES ('6f8cca50-0f0c-40ea-bcb5-e3524a41f8d1','64d0a976-c918-4a3c-ac9a-c33f687e7f25','LCREATIVE','He has worked hard to ensure generational diversity when assigning tasks or project officer duites.');
INSERT INTO diagnostic_responses (diagnostic_id,rater_id,question_code,text_response) VALUES ('6f8cca50-0f0c-40ea-bcb5-e3524a41f8d1','64d0a976-c918-4a3c-ac9a-c33f687e7f25','LSTART_IMPACT','Embrace technology more.');
INSERT INTO diagnostic_responses (diagnostic_id,rater_id,question_code,text_response) VALUES ('6f8cca50-0f0c-40ea-bcb5-e3524a41f8d1','64d0a976-c918-4a3c-ac9a-c33f687e7f25','LSTOP_IMPACT','Don''t question what does not need to be questioned.');
INSERT INTO diagnostic_responses (diagnostic_id,rater_id,question_code,text_response) VALUES ('6f8cca50-0f0c-40ea-bcb5-e3524a41f8d1','64d0a976-c918-4a3c-ac9a-c33f687e7f25','LCONT_IMPACT','Does an excellent job reviewing and assessing the requirement prior to assigning the required tasks.');
INSERT INTO diagnostic_responses (diagnostic_id,rater_id,question_code,text_response) VALUES ('6f8cca50-0f0c-40ea-bcb5-e3524a41f8d1','64d0a976-c918-4a3c-ac9a-c33f687e7f25','LDESCRIBE','1. Knowledge
2. Humble
3. Proven
4. Articulate
5. Critical
6. Loyal
7. Engaging');
INSERT INTO diagnostic_raters (id,diagnostic_id,name,email,relationship,is_self,completed_at,created_at) VALUES ('3f9537f3-5a52-49c6-9f26-cfc0b5a7deb3','6f8cca50-0f0c-40ea-bcb5-e3524a41f8d1','Silas H. Christian 111','Scheisphd@aol.com','Peer',false,'2025-04-26T00:00:00Z','2025-04-26T00:00:00Z');
INSERT INTO diagnostic_responses (diagnostic_id,rater_id,question_code,score) VALUES ('6f8cca50-0f0c-40ea-bcb5-e3524a41f8d1','3f9537f3-5a52-49c6-9f26-cfc0b5a7deb3','A1',4);
INSERT INTO diagnostic_responses (diagnostic_id,rater_id,question_code,score) VALUES ('6f8cca50-0f0c-40ea-bcb5-e3524a41f8d1','3f9537f3-5a52-49c6-9f26-cfc0b5a7deb3','B1',4);
INSERT INTO diagnostic_responses (diagnostic_id,rater_id,question_code,score) VALUES ('6f8cca50-0f0c-40ea-bcb5-e3524a41f8d1','3f9537f3-5a52-49c6-9f26-cfc0b5a7deb3','C1',4);
INSERT INTO diagnostic_responses (diagnostic_id,rater_id,question_code,score) VALUES ('6f8cca50-0f0c-40ea-bcb5-e3524a41f8d1','3f9537f3-5a52-49c6-9f26-cfc0b5a7deb3','LCOMM',4);
INSERT INTO diagnostic_responses (diagnostic_id,rater_id,question_code,score) VALUES ('6f8cca50-0f0c-40ea-bcb5-e3524a41f8d1','3f9537f3-5a52-49c6-9f26-cfc0b5a7deb3','LCONF',4);
INSERT INTO diagnostic_responses (diagnostic_id,rater_id,question_code,score) VALUES ('6f8cca50-0f0c-40ea-bcb5-e3524a41f8d1','3f9537f3-5a52-49c6-9f26-cfc0b5a7deb3','LINFL',4);
INSERT INTO diagnostic_responses (diagnostic_id,rater_id,question_code,score) VALUES ('6f8cca50-0f0c-40ea-bcb5-e3524a41f8d1','3f9537f3-5a52-49c6-9f26-cfc0b5a7deb3','LDEV',4);
INSERT INTO diagnostic_responses (diagnostic_id,rater_id,question_code,score) VALUES ('6f8cca50-0f0c-40ea-bcb5-e3524a41f8d1','3f9537f3-5a52-49c6-9f26-cfc0b5a7deb3','LSELF',4);
INSERT INTO diagnostic_responses (diagnostic_id,rater_id,question_code,score) VALUES ('6f8cca50-0f0c-40ea-bcb5-e3524a41f8d1','3f9537f3-5a52-49c6-9f26-cfc0b5a7deb3','LSTRAT',4);
INSERT INTO diagnostic_responses (diagnostic_id,rater_id,question_code,score) VALUES ('6f8cca50-0f0c-40ea-bcb5-e3524a41f8d1','3f9537f3-5a52-49c6-9f26-cfc0b5a7deb3','LCOLLAB',4);
INSERT INTO diagnostic_responses (diagnostic_id,rater_id,question_code,score) VALUES ('6f8cca50-0f0c-40ea-bcb5-e3524a41f8d1','3f9537f3-5a52-49c6-9f26-cfc0b5a7deb3','LACCT',4);
INSERT INTO diagnostic_responses (diagnostic_id,rater_id,question_code,score) VALUES ('6f8cca50-0f0c-40ea-bcb5-e3524a41f8d1','3f9537f3-5a52-49c6-9f26-cfc0b5a7deb3','LEXPECT',4);
INSERT INTO diagnostic_responses (diagnostic_id,rater_id,question_code,score) VALUES ('6f8cca50-0f0c-40ea-bcb5-e3524a41f8d1','3f9537f3-5a52-49c6-9f26-cfc0b5a7deb3','LCRISIS',4);
INSERT INTO diagnostic_responses (diagnostic_id,rater_id,question_code,score) VALUES ('6f8cca50-0f0c-40ea-bcb5-e3524a41f8d1','3f9537f3-5a52-49c6-9f26-cfc0b5a7deb3','LINSPIRE',4);
INSERT INTO diagnostic_responses (diagnostic_id,rater_id,question_code,score) VALUES ('6f8cca50-0f0c-40ea-bcb5-e3524a41f8d1','3f9537f3-5a52-49c6-9f26-cfc0b5a7deb3','LRELAT',4);
INSERT INTO diagnostic_responses (diagnostic_id,rater_id,question_code,score) VALUES ('6f8cca50-0f0c-40ea-bcb5-e3524a41f8d1','3f9537f3-5a52-49c6-9f26-cfc0b5a7deb3','D1',9);
INSERT INTO diagnostic_responses (diagnostic_id,rater_id,question_code,text_response) VALUES ('6f8cca50-0f0c-40ea-bcb5-e3524a41f8d1','3f9537f3-5a52-49c6-9f26-cfc0b5a7deb3','LSTART_TRUST','Visitation with positive communication');
INSERT INTO diagnostic_responses (diagnostic_id,rater_id,question_code,text_response) VALUES ('6f8cca50-0f0c-40ea-bcb5-e3524a41f8d1','3f9537f3-5a52-49c6-9f26-cfc0b5a7deb3','LSTOP_INIT','Agreeing with majority instead of conducting an evaluation');
INSERT INTO diagnostic_responses (diagnostic_id,rater_id,question_code,text_response) VALUES ('6f8cca50-0f0c-40ea-bcb5-e3524a41f8d1','3f9537f3-5a52-49c6-9f26-cfc0b5a7deb3','LCONT_PROD','Focused guidance and communication');
INSERT INTO diagnostic_responses (diagnostic_id,rater_id,question_code,text_response) VALUES ('6f8cca50-0f0c-40ea-bcb5-e3524a41f8d1','3f9537f3-5a52-49c6-9f26-cfc0b5a7deb3','LSTOP_COMM','Over compensating');
INSERT INTO diagnostic_responses (diagnostic_id,rater_id,question_code,text_response) VALUES ('6f8cca50-0f0c-40ea-bcb5-e3524a41f8d1','3f9537f3-5a52-49c6-9f26-cfc0b5a7deb3','LCREATIVE','Time management');
INSERT INTO diagnostic_responses (diagnostic_id,rater_id,question_code,text_response) VALUES ('6f8cca50-0f0c-40ea-bcb5-e3524a41f8d1','3f9537f3-5a52-49c6-9f26-cfc0b5a7deb3','LSTART_IMPACT','Talking less and presiding');
INSERT INTO diagnostic_responses (diagnostic_id,rater_id,question_code,text_response) VALUES ('6f8cca50-0f0c-40ea-bcb5-e3524a41f8d1','3f9537f3-5a52-49c6-9f26-cfc0b5a7deb3','LSTOP_IMPACT','Overcompensating');
INSERT INTO diagnostic_responses (diagnostic_id,rater_id,question_code,text_response) VALUES ('6f8cca50-0f0c-40ea-bcb5-e3524a41f8d1','3f9537f3-5a52-49c6-9f26-cfc0b5a7deb3','LCONT_IMPACT','Fraternal spirit');
INSERT INTO diagnostic_responses (diagnostic_id,rater_id,question_code,text_response) VALUES ('6f8cca50-0f0c-40ea-bcb5-e3524a41f8d1','3f9537f3-5a52-49c6-9f26-cfc0b5a7deb3','LDESCRIBE','Strongly effective');
INSERT INTO diagnostic_raters (id,diagnostic_id,name,email,relationship,is_self,completed_at,created_at) VALUES ('9bac645b-6633-41ad-8d85-4189c434df83','6f8cca50-0f0c-40ea-bcb5-e3524a41f8d1','Monisha Barnes','somobarnes@gmail.com','Peer',false,'2025-04-26T00:00:00Z','2025-04-26T00:00:00Z');
INSERT INTO diagnostic_responses (diagnostic_id,rater_id,question_code,score) VALUES ('6f8cca50-0f0c-40ea-bcb5-e3524a41f8d1','9bac645b-6633-41ad-8d85-4189c434df83','A1',4);
INSERT INTO diagnostic_responses (diagnostic_id,rater_id,question_code,score) VALUES ('6f8cca50-0f0c-40ea-bcb5-e3524a41f8d1','9bac645b-6633-41ad-8d85-4189c434df83','B1',5);
INSERT INTO diagnostic_responses (diagnostic_id,rater_id,question_code,score) VALUES ('6f8cca50-0f0c-40ea-bcb5-e3524a41f8d1','9bac645b-6633-41ad-8d85-4189c434df83','C1',4);
INSERT INTO diagnostic_responses (diagnostic_id,rater_id,question_code,score) VALUES ('6f8cca50-0f0c-40ea-bcb5-e3524a41f8d1','9bac645b-6633-41ad-8d85-4189c434df83','LCOMM',4);
INSERT INTO diagnostic_responses (diagnostic_id,rater_id,question_code,score) VALUES ('6f8cca50-0f0c-40ea-bcb5-e3524a41f8d1','9bac645b-6633-41ad-8d85-4189c434df83','LCONF',4);
INSERT INTO diagnostic_responses (diagnostic_id,rater_id,question_code,score) VALUES ('6f8cca50-0f0c-40ea-bcb5-e3524a41f8d1','9bac645b-6633-41ad-8d85-4189c434df83','LINFL',3);
INSERT INTO diagnostic_responses (diagnostic_id,rater_id,question_code,score) VALUES ('6f8cca50-0f0c-40ea-bcb5-e3524a41f8d1','9bac645b-6633-41ad-8d85-4189c434df83','LDEV',4);
INSERT INTO diagnostic_responses (diagnostic_id,rater_id,question_code,score) VALUES ('6f8cca50-0f0c-40ea-bcb5-e3524a41f8d1','9bac645b-6633-41ad-8d85-4189c434df83','LSELF',3);
INSERT INTO diagnostic_responses (diagnostic_id,rater_id,question_code,score) VALUES ('6f8cca50-0f0c-40ea-bcb5-e3524a41f8d1','9bac645b-6633-41ad-8d85-4189c434df83','LSTRAT',3);
INSERT INTO diagnostic_responses (diagnostic_id,rater_id,question_code,score) VALUES ('6f8cca50-0f0c-40ea-bcb5-e3524a41f8d1','9bac645b-6633-41ad-8d85-4189c434df83','LCOLLAB',4);
INSERT INTO diagnostic_responses (diagnostic_id,rater_id,question_code,score) VALUES ('6f8cca50-0f0c-40ea-bcb5-e3524a41f8d1','9bac645b-6633-41ad-8d85-4189c434df83','LACCT',5);
INSERT INTO diagnostic_responses (diagnostic_id,rater_id,question_code,score) VALUES ('6f8cca50-0f0c-40ea-bcb5-e3524a41f8d1','9bac645b-6633-41ad-8d85-4189c434df83','LEXPECT',4);
INSERT INTO diagnostic_responses (diagnostic_id,rater_id,question_code,score) VALUES ('6f8cca50-0f0c-40ea-bcb5-e3524a41f8d1','9bac645b-6633-41ad-8d85-4189c434df83','LCRISIS',4);
INSERT INTO diagnostic_responses (diagnostic_id,rater_id,question_code,score) VALUES ('6f8cca50-0f0c-40ea-bcb5-e3524a41f8d1','9bac645b-6633-41ad-8d85-4189c434df83','LINSPIRE',4);
INSERT INTO diagnostic_responses (diagnostic_id,rater_id,question_code,score) VALUES ('6f8cca50-0f0c-40ea-bcb5-e3524a41f8d1','9bac645b-6633-41ad-8d85-4189c434df83','LRELAT',4);
INSERT INTO diagnostic_responses (diagnostic_id,rater_id,question_code,score) VALUES ('6f8cca50-0f0c-40ea-bcb5-e3524a41f8d1','9bac645b-6633-41ad-8d85-4189c434df83','D1',7);
INSERT INTO diagnostic_responses (diagnostic_id,rater_id,question_code,text_response) VALUES ('6f8cca50-0f0c-40ea-bcb5-e3524a41f8d1','9bac645b-6633-41ad-8d85-4189c434df83','LSTART_TRUST','Learn more patience with various generation. Embrace new technology to conduct work and virtually engage with people. He does a great job but just a little more.');
INSERT INTO diagnostic_responses (diagnostic_id,rater_id,question_code,text_response) VALUES ('6f8cca50-0f0c-40ea-bcb5-e3524a41f8d1','9bac645b-6633-41ad-8d85-4189c434df83','LSTOP_INIT','Advice but not action. Pointing what someone else should do.');
INSERT INTO diagnostic_responses (diagnostic_id,rater_id,question_code,text_response) VALUES ('6f8cca50-0f0c-40ea-bcb5-e3524a41f8d1','9bac645b-6633-41ad-8d85-4189c434df83','LCONT_PROD','Being supportive. Bring ideas to the table. He is good logistical go to guy.');
INSERT INTO diagnostic_responses (diagnostic_id,rater_id,question_code,text_response) VALUES ('6f8cca50-0f0c-40ea-bcb5-e3524a41f8d1','9bac645b-6633-41ad-8d85-4189c434df83','LSTOP_COMM','Stop of what someone else should be doing. Yes someone else should resolve the problem but bring the solutions of why and how to get buy-in. He did great with project roll out.');
INSERT INTO diagnostic_responses (diagnostic_id,rater_id,question_code,text_response) VALUES ('6f8cca50-0f0c-40ea-bcb5-e3524a41f8d1','9bac645b-6633-41ad-8d85-4189c434df83','LCREATIVE','Hestiant because they will become his job. Makes sense but he has excellent ideas to ensure all are included in the solution. He did a great job with rollout of IT project. He is great in our personal organization to provide mentorship to the youth.');
INSERT INTO diagnostic_responses (diagnostic_id,rater_id,question_code,text_response) VALUES ('6f8cca50-0f0c-40ea-bcb5-e3524a41f8d1','9bac645b-6633-41ad-8d85-4189c434df83','LSTART_IMPACT','Become more technology savvy with social media and chat rooms. More structured time to review materials instead of waiting for the hallway update. Be present.');
INSERT INTO diagnostic_responses (diagnostic_id,rater_id,question_code,text_response) VALUES ('6f8cca50-0f0c-40ea-bcb5-e3524a41f8d1','9bac645b-6633-41ad-8d85-4189c434df83','LSTOP_IMPACT','Nothing');
INSERT INTO diagnostic_responses (diagnostic_id,rater_id,question_code,text_response) VALUES ('6f8cca50-0f0c-40ea-bcb5-e3524a41f8d1','9bac645b-6633-41ad-8d85-4189c434df83','LCONT_IMPACT','Being a good collegue, friend, supportive of organization programmatic needs.');
INSERT INTO diagnostic_responses (diagnostic_id,rater_id,question_code,text_response) VALUES ('6f8cca50-0f0c-40ea-bcb5-e3524a41f8d1','9bac645b-6633-41ad-8d85-4189c434df83','LDESCRIBE','Realiable. Good Decision making. Understands the assignment. Helps where needed.');
INSERT INTO diagnostics (id,client_id,client_name,client_email,client_org,tier,status,impact_scale,start_date,close_date,survey_closed_at,raters_finalized_at,all_raters_complete_at,intake_notes,created_at) VALUES ('323c816d-f716-489c-86fb-c0d324ffdf2c','50a6d2d3-a3bd-4fe9-a4b6-0636d52cb917','Steven Heil','Steven.Heil@ped.nm.gov','New Mexico Public Education Department','standard','report_final',10,'2025-04-26','2025-04-26','2025-04-26T00:00:00Z','2025-04-26T00:00:00Z','2025-04-26T00:00:00Z','Legacy 360 import (prior instrument, different question set). Pillars mapped A/B/C; extra dimensions stored as L* codes.','2025-04-26T00:00:00Z');
INSERT INTO diagnostic_raters (id,diagnostic_id,name,email,relationship,is_self,completed_at,created_at) VALUES ('7263e557-c7cf-49ef-aa42-a55f86ba8677','323c816d-f716-489c-86fb-c0d324ffdf2c','Birgit Maurer','Birgit.Maurer@ped.nm.gov','Peer',false,'2025-04-26T00:00:00Z','2025-04-26T00:00:00Z');
INSERT INTO diagnostic_responses (diagnostic_id,rater_id,question_code,score) VALUES ('323c816d-f716-489c-86fb-c0d324ffdf2c','7263e557-c7cf-49ef-aa42-a55f86ba8677','A1',5);
INSERT INTO diagnostic_responses (diagnostic_id,rater_id,question_code,score) VALUES ('323c816d-f716-489c-86fb-c0d324ffdf2c','7263e557-c7cf-49ef-aa42-a55f86ba8677','B1',5);
INSERT INTO diagnostic_responses (diagnostic_id,rater_id,question_code,score) VALUES ('323c816d-f716-489c-86fb-c0d324ffdf2c','7263e557-c7cf-49ef-aa42-a55f86ba8677','B2',5);
INSERT INTO diagnostic_responses (diagnostic_id,rater_id,question_code,score) VALUES ('323c816d-f716-489c-86fb-c0d324ffdf2c','7263e557-c7cf-49ef-aa42-a55f86ba8677','B3',5);
INSERT INTO diagnostic_responses (diagnostic_id,rater_id,question_code,score) VALUES ('323c816d-f716-489c-86fb-c0d324ffdf2c','7263e557-c7cf-49ef-aa42-a55f86ba8677','C1',5);
INSERT INTO diagnostic_responses (diagnostic_id,rater_id,question_code,score) VALUES ('323c816d-f716-489c-86fb-c0d324ffdf2c','7263e557-c7cf-49ef-aa42-a55f86ba8677','C2',5);
INSERT INTO diagnostic_responses (diagnostic_id,rater_id,question_code,score) VALUES ('323c816d-f716-489c-86fb-c0d324ffdf2c','7263e557-c7cf-49ef-aa42-a55f86ba8677','C3',5);
INSERT INTO diagnostic_responses (diagnostic_id,rater_id,question_code,score) VALUES ('323c816d-f716-489c-86fb-c0d324ffdf2c','7263e557-c7cf-49ef-aa42-a55f86ba8677','LCOMM',5);
INSERT INTO diagnostic_responses (diagnostic_id,rater_id,question_code,score) VALUES ('323c816d-f716-489c-86fb-c0d324ffdf2c','7263e557-c7cf-49ef-aa42-a55f86ba8677','LCONF',5);
INSERT INTO diagnostic_responses (diagnostic_id,rater_id,question_code,score) VALUES ('323c816d-f716-489c-86fb-c0d324ffdf2c','7263e557-c7cf-49ef-aa42-a55f86ba8677','LINFL',4);
INSERT INTO diagnostic_responses (diagnostic_id,rater_id,question_code,score) VALUES ('323c816d-f716-489c-86fb-c0d324ffdf2c','7263e557-c7cf-49ef-aa42-a55f86ba8677','LDEV',5);
INSERT INTO diagnostic_responses (diagnostic_id,rater_id,question_code,score) VALUES ('323c816d-f716-489c-86fb-c0d324ffdf2c','7263e557-c7cf-49ef-aa42-a55f86ba8677','LSELF',5);
INSERT INTO diagnostic_responses (diagnostic_id,rater_id,question_code,score) VALUES ('323c816d-f716-489c-86fb-c0d324ffdf2c','7263e557-c7cf-49ef-aa42-a55f86ba8677','LSTRAT',5);
INSERT INTO diagnostic_responses (diagnostic_id,rater_id,question_code,score) VALUES ('323c816d-f716-489c-86fb-c0d324ffdf2c','7263e557-c7cf-49ef-aa42-a55f86ba8677','LCOLLAB',5);
INSERT INTO diagnostic_responses (diagnostic_id,rater_id,question_code,score) VALUES ('323c816d-f716-489c-86fb-c0d324ffdf2c','7263e557-c7cf-49ef-aa42-a55f86ba8677','LACCT',5);
INSERT INTO diagnostic_responses (diagnostic_id,rater_id,question_code,score) VALUES ('323c816d-f716-489c-86fb-c0d324ffdf2c','7263e557-c7cf-49ef-aa42-a55f86ba8677','LEXPECT',5);
INSERT INTO diagnostic_responses (diagnostic_id,rater_id,question_code,score) VALUES ('323c816d-f716-489c-86fb-c0d324ffdf2c','7263e557-c7cf-49ef-aa42-a55f86ba8677','LCRISIS',5);
INSERT INTO diagnostic_responses (diagnostic_id,rater_id,question_code,score) VALUES ('323c816d-f716-489c-86fb-c0d324ffdf2c','7263e557-c7cf-49ef-aa42-a55f86ba8677','LINSPIRE',5);
INSERT INTO diagnostic_responses (diagnostic_id,rater_id,question_code,score) VALUES ('323c816d-f716-489c-86fb-c0d324ffdf2c','7263e557-c7cf-49ef-aa42-a55f86ba8677','LRELAT',5);
INSERT INTO diagnostic_responses (diagnostic_id,rater_id,question_code,score) VALUES ('323c816d-f716-489c-86fb-c0d324ffdf2c','7263e557-c7cf-49ef-aa42-a55f86ba8677','D1',10);
INSERT INTO diagnostic_responses (diagnostic_id,rater_id,question_code,text_response) VALUES ('323c816d-f716-489c-86fb-c0d324ffdf2c','7263e557-c7cf-49ef-aa42-a55f86ba8677','LSTART_TRUST','I am not certain. He is open, well prepared, asks the right questions, and has been ultimately supportive in our collaboration.');
INSERT INTO diagnostic_responses (diagnostic_id,rater_id,question_code,text_response) VALUES ('323c816d-f716-489c-86fb-c0d324ffdf2c','7263e557-c7cf-49ef-aa42-a55f86ba8677','LSTOP_INIT','He is giving the team members opportunities to share their ideas or points of view and as such I don''t see what he should/could stop.');
INSERT INTO diagnostic_responses (diagnostic_id,rater_id,question_code,text_response) VALUES ('323c816d-f716-489c-86fb-c0d324ffdf2c','7263e557-c7cf-49ef-aa42-a55f86ba8677','LCONT_PROD','He should absolutely continue his calm, steady presence and clear guidance to our project. His manner of conducting this project keeps meetings focused and helps the components move forward efficiently.');
INSERT INTO diagnostic_responses (diagnostic_id,rater_id,question_code,text_response) VALUES ('323c816d-f716-489c-86fb-c0d324ffdf2c','7263e557-c7cf-49ef-aa42-a55f86ba8677','LSTOP_COMM','Nothing - he''s concise and open for questions if there is clarification needed. The need for clarification is on me not on him.');
INSERT INTO diagnostic_responses (diagnostic_id,rater_id,question_code,text_response) VALUES ('323c816d-f716-489c-86fb-c0d324ffdf2c','7263e557-c7cf-49ef-aa42-a55f86ba8677','LCREATIVE','He is calm and knows what he is talking about. He has a very tolerant nature and open air about him when approached with suggestions or questions.');
INSERT INTO diagnostic_responses (diagnostic_id,rater_id,question_code,text_response) VALUES ('323c816d-f716-489c-86fb-c0d324ffdf2c','7263e557-c7cf-49ef-aa42-a55f86ba8677','LSTART_IMPACT','Maybe working even more on bringing teams together, but he''s already doing a great job.');
INSERT INTO diagnostic_responses (diagnostic_id,rater_id,question_code,text_response) VALUES ('323c816d-f716-489c-86fb-c0d324ffdf2c','7263e557-c7cf-49ef-aa42-a55f86ba8677','LSTOP_IMPACT','He is doing a lot and I don''t know what he could stop to still have the project move forward as smoothly as he does. I am glad he was able to hire a couple of contractors to assist - as I WAS worried that there was TOO much on his plate.');
INSERT INTO diagnostic_responses (diagnostic_id,rater_id,question_code,text_response) VALUES ('323c816d-f716-489c-86fb-c0d324ffdf2c','7263e557-c7cf-49ef-aa42-a55f86ba8677','LCONT_IMPACT','He is awesome at delegating and sharing his knowledge but also a sense of calmness and humor when discussions around specific topics need to be had.');
INSERT INTO diagnostic_responses (diagnostic_id,rater_id,question_code,text_response) VALUES ('323c816d-f716-489c-86fb-c0d324ffdf2c','7263e557-c7cf-49ef-aa42-a55f86ba8677','LDESCRIBE','He is calm, knowledgeable, and has an awesome dry sense of humor. His quiet nature makes him wonderful to collaborate with but even more so does his deep knowledge of what we are working on.');
INSERT INTO diagnostic_raters (id,diagnostic_id,name,email,relationship,is_self,completed_at,created_at) VALUES ('cae227ec-ff63-4f65-9226-699264135d07','323c816d-f716-489c-86fb-c0d324ffdf2c','Halley Wheeless','hwheeless@abhs.k12.nm.us','External Partner',false,'2025-04-26T00:00:00Z','2025-04-26T00:00:00Z');
INSERT INTO diagnostic_responses (diagnostic_id,rater_id,question_code,score) VALUES ('323c816d-f716-489c-86fb-c0d324ffdf2c','cae227ec-ff63-4f65-9226-699264135d07','A1',5);
INSERT INTO diagnostic_responses (diagnostic_id,rater_id,question_code,score) VALUES ('323c816d-f716-489c-86fb-c0d324ffdf2c','cae227ec-ff63-4f65-9226-699264135d07','B1',5);
INSERT INTO diagnostic_responses (diagnostic_id,rater_id,question_code,score) VALUES ('323c816d-f716-489c-86fb-c0d324ffdf2c','cae227ec-ff63-4f65-9226-699264135d07','B2',4);
INSERT INTO diagnostic_responses (diagnostic_id,rater_id,question_code,score) VALUES ('323c816d-f716-489c-86fb-c0d324ffdf2c','cae227ec-ff63-4f65-9226-699264135d07','B3',5);
INSERT INTO diagnostic_responses (diagnostic_id,rater_id,question_code,score) VALUES ('323c816d-f716-489c-86fb-c0d324ffdf2c','cae227ec-ff63-4f65-9226-699264135d07','C1',5);
INSERT INTO diagnostic_responses (diagnostic_id,rater_id,question_code,score) VALUES ('323c816d-f716-489c-86fb-c0d324ffdf2c','cae227ec-ff63-4f65-9226-699264135d07','LCOMM',5);
INSERT INTO diagnostic_responses (diagnostic_id,rater_id,question_code,score) VALUES ('323c816d-f716-489c-86fb-c0d324ffdf2c','cae227ec-ff63-4f65-9226-699264135d07','LCONF',4);
INSERT INTO diagnostic_responses (diagnostic_id,rater_id,question_code,score) VALUES ('323c816d-f716-489c-86fb-c0d324ffdf2c','cae227ec-ff63-4f65-9226-699264135d07','LINFL',5);
INSERT INTO diagnostic_responses (diagnostic_id,rater_id,question_code,score) VALUES ('323c816d-f716-489c-86fb-c0d324ffdf2c','cae227ec-ff63-4f65-9226-699264135d07','LDEV',4);
INSERT INTO diagnostic_responses (diagnostic_id,rater_id,question_code,score) VALUES ('323c816d-f716-489c-86fb-c0d324ffdf2c','cae227ec-ff63-4f65-9226-699264135d07','LSELF',5);
INSERT INTO diagnostic_responses (diagnostic_id,rater_id,question_code,score) VALUES ('323c816d-f716-489c-86fb-c0d324ffdf2c','cae227ec-ff63-4f65-9226-699264135d07','LSTRAT',5);
INSERT INTO diagnostic_responses (diagnostic_id,rater_id,question_code,score) VALUES ('323c816d-f716-489c-86fb-c0d324ffdf2c','cae227ec-ff63-4f65-9226-699264135d07','LCOLLAB',5);
INSERT INTO diagnostic_responses (diagnostic_id,rater_id,question_code,score) VALUES ('323c816d-f716-489c-86fb-c0d324ffdf2c','cae227ec-ff63-4f65-9226-699264135d07','LACCT',5);
INSERT INTO diagnostic_responses (diagnostic_id,rater_id,question_code,score) VALUES ('323c816d-f716-489c-86fb-c0d324ffdf2c','cae227ec-ff63-4f65-9226-699264135d07','LEXPECT',4);
INSERT INTO diagnostic_responses (diagnostic_id,rater_id,question_code,score) VALUES ('323c816d-f716-489c-86fb-c0d324ffdf2c','cae227ec-ff63-4f65-9226-699264135d07','LCRISIS',5);
INSERT INTO diagnostic_responses (diagnostic_id,rater_id,question_code,score) VALUES ('323c816d-f716-489c-86fb-c0d324ffdf2c','cae227ec-ff63-4f65-9226-699264135d07','LINSPIRE',4);
INSERT INTO diagnostic_responses (diagnostic_id,rater_id,question_code,score) VALUES ('323c816d-f716-489c-86fb-c0d324ffdf2c','cae227ec-ff63-4f65-9226-699264135d07','LRELAT',5);
INSERT INTO diagnostic_responses (diagnostic_id,rater_id,question_code,score) VALUES ('323c816d-f716-489c-86fb-c0d324ffdf2c','cae227ec-ff63-4f65-9226-699264135d07','D1',10);
INSERT INTO diagnostic_responses (diagnostic_id,rater_id,question_code,text_response) VALUES ('323c816d-f716-489c-86fb-c0d324ffdf2c','cae227ec-ff63-4f65-9226-699264135d07','LSTART_TRUST','Hard to know, since I do not work with him on a daily basis but from what I can tell, he follows through on what he says he will do and that is the foundaton of trust for me.');
INSERT INTO diagnostic_responses (diagnostic_id,rater_id,question_code,text_response) VALUES ('323c816d-f716-489c-86fb-c0d324ffdf2c','cae227ec-ff63-4f65-9226-699264135d07','LSTOP_INIT','I cannot answer this one as I don''t work closely enough with him.');
INSERT INTO diagnostic_responses (diagnostic_id,rater_id,question_code,text_response) VALUES ('323c816d-f716-489c-86fb-c0d324ffdf2c','cae227ec-ff63-4f65-9226-699264135d07','LCONT_PROD','Keeping deadline hard and fast so people will rise to the occasion.  The office he works in (PED) has a problem with deadlines, however Steve works hard maintain productive reaasonable requests and from my observations, follows through and meets the deadlines he says he will meet.');
INSERT INTO diagnostic_responses (diagnostic_id,rater_id,question_code,text_response) VALUES ('323c816d-f716-489c-86fb-c0d324ffdf2c','cae227ec-ff63-4f65-9226-699264135d07','LSTOP_COMM','I believe allowing the the use of any AI scribing program stifles the willingness of people to speak their minds and so there is less effective feedback as many people do not want their reponses or commentary sent out across the state. In education, people are very careful about what is written in emails and said in video recordings.  Allowing AI bots to record everything is unsettling ,in my opinion, therefore inhibiting frank and open communication.');
INSERT INTO diagnostic_responses (diagnostic_id,rater_id,question_code,text_response) VALUES ('323c816d-f716-489c-86fb-c0d324ffdf2c','cae227ec-ff63-4f65-9226-699264135d07','LCREATIVE','I appreciate the way that he collects feedback from his stakeholders in real time but then makes feedback open to other for a set time for those who have not been able to attend. Furthemore, the extra five days or so to revisit an open feedback session has allowed me to think more about the issue and return to the topic to add to my initial thoughts.  This method of collection is new to me and has been valuable.');
INSERT INTO diagnostic_responses (diagnostic_id,rater_id,question_code,text_response) VALUES ('323c816d-f716-489c-86fb-c0d324ffdf2c','cae227ec-ff63-4f65-9226-699264135d07','LSTART_IMPACT','Present more at the superintendent meetings.  Lobby for time to answer questions during the Thursday calls becuase once accreditation is published he will be attacked by those who failed to heed and listen, through no fault of his own.');
INSERT INTO diagnostic_responses (diagnostic_id,rater_id,question_code,text_response) VALUES ('323c816d-f716-489c-86fb-c0d324ffdf2c','cae227ec-ff63-4f65-9226-699264135d07','LSTOP_IMPACT','Don''t use TEAMS for virtual meetings ever and do not allow the use of AI virtual scribes.');
INSERT INTO diagnostic_responses (diagnostic_id,rater_id,question_code,text_response) VALUES ('323c816d-f716-489c-86fb-c0d324ffdf2c','cae227ec-ff63-4f65-9226-699264135d07','LCONT_IMPACT','Circling back around to address issues - Steve is good at noting, remembering, and following through with concerns. Follow through is everything becuase it increases trust, gives a sense of accountability on the part of the leader, and lets all stakeholders know they are listened to and not forgotten.  Even if the answer is ''NO'' for an ask.');
INSERT INTO diagnostic_responses (diagnostic_id,rater_id,question_code,text_response) VALUES ('323c816d-f716-489c-86fb-c0d324ffdf2c','cae227ec-ff63-4f65-9226-699264135d07','LDESCRIBE','Highly effective at working across divisions and with diverse teams; organized and thoughtful.  Can be trusted.');
INSERT INTO diagnostic_raters (id,diagnostic_id,name,email,relationship,is_self,completed_at,created_at) VALUES ('5d727cb2-01be-4bbc-855b-a0462af22fec','323c816d-f716-489c-86fb-c0d324ffdf2c','Amanda DeBell','Amanda.DeBell@ped.nm.gov','Board / Investor',false,'2025-04-26T00:00:00Z','2025-04-26T00:00:00Z');
INSERT INTO diagnostic_responses (diagnostic_id,rater_id,question_code,score) VALUES ('323c816d-f716-489c-86fb-c0d324ffdf2c','5d727cb2-01be-4bbc-855b-a0462af22fec','A1',5);
INSERT INTO diagnostic_responses (diagnostic_id,rater_id,question_code,score) VALUES ('323c816d-f716-489c-86fb-c0d324ffdf2c','5d727cb2-01be-4bbc-855b-a0462af22fec','B1',5);
INSERT INTO diagnostic_responses (diagnostic_id,rater_id,question_code,score) VALUES ('323c816d-f716-489c-86fb-c0d324ffdf2c','5d727cb2-01be-4bbc-855b-a0462af22fec','B2',4);
INSERT INTO diagnostic_responses (diagnostic_id,rater_id,question_code,score) VALUES ('323c816d-f716-489c-86fb-c0d324ffdf2c','5d727cb2-01be-4bbc-855b-a0462af22fec','B3',4);
INSERT INTO diagnostic_responses (diagnostic_id,rater_id,question_code,score) VALUES ('323c816d-f716-489c-86fb-c0d324ffdf2c','5d727cb2-01be-4bbc-855b-a0462af22fec','C1',5);
INSERT INTO diagnostic_responses (diagnostic_id,rater_id,question_code,score) VALUES ('323c816d-f716-489c-86fb-c0d324ffdf2c','5d727cb2-01be-4bbc-855b-a0462af22fec','C2',5);
INSERT INTO diagnostic_responses (diagnostic_id,rater_id,question_code,score) VALUES ('323c816d-f716-489c-86fb-c0d324ffdf2c','5d727cb2-01be-4bbc-855b-a0462af22fec','C3',5);
INSERT INTO diagnostic_responses (diagnostic_id,rater_id,question_code,score) VALUES ('323c816d-f716-489c-86fb-c0d324ffdf2c','5d727cb2-01be-4bbc-855b-a0462af22fec','LCOMM',5);
INSERT INTO diagnostic_responses (diagnostic_id,rater_id,question_code,score) VALUES ('323c816d-f716-489c-86fb-c0d324ffdf2c','5d727cb2-01be-4bbc-855b-a0462af22fec','LCONF',4);
INSERT INTO diagnostic_responses (diagnostic_id,rater_id,question_code,score) VALUES ('323c816d-f716-489c-86fb-c0d324ffdf2c','5d727cb2-01be-4bbc-855b-a0462af22fec','LINFL',5);
INSERT INTO diagnostic_responses (diagnostic_id,rater_id,question_code,score) VALUES ('323c816d-f716-489c-86fb-c0d324ffdf2c','5d727cb2-01be-4bbc-855b-a0462af22fec','LDEV',4);
INSERT INTO diagnostic_responses (diagnostic_id,rater_id,question_code,score) VALUES ('323c816d-f716-489c-86fb-c0d324ffdf2c','5d727cb2-01be-4bbc-855b-a0462af22fec','LSELF',5);
INSERT INTO diagnostic_responses (diagnostic_id,rater_id,question_code,score) VALUES ('323c816d-f716-489c-86fb-c0d324ffdf2c','5d727cb2-01be-4bbc-855b-a0462af22fec','LSTRAT',4);
INSERT INTO diagnostic_responses (diagnostic_id,rater_id,question_code,score) VALUES ('323c816d-f716-489c-86fb-c0d324ffdf2c','5d727cb2-01be-4bbc-855b-a0462af22fec','LCOLLAB',4);
INSERT INTO diagnostic_responses (diagnostic_id,rater_id,question_code,score) VALUES ('323c816d-f716-489c-86fb-c0d324ffdf2c','5d727cb2-01be-4bbc-855b-a0462af22fec','LACCT',4);
INSERT INTO diagnostic_responses (diagnostic_id,rater_id,question_code,score) VALUES ('323c816d-f716-489c-86fb-c0d324ffdf2c','5d727cb2-01be-4bbc-855b-a0462af22fec','LEXPECT',4);
INSERT INTO diagnostic_responses (diagnostic_id,rater_id,question_code,score) VALUES ('323c816d-f716-489c-86fb-c0d324ffdf2c','5d727cb2-01be-4bbc-855b-a0462af22fec','LCRISIS',4);
INSERT INTO diagnostic_responses (diagnostic_id,rater_id,question_code,score) VALUES ('323c816d-f716-489c-86fb-c0d324ffdf2c','5d727cb2-01be-4bbc-855b-a0462af22fec','LINSPIRE',4);
INSERT INTO diagnostic_responses (diagnostic_id,rater_id,question_code,score) VALUES ('323c816d-f716-489c-86fb-c0d324ffdf2c','5d727cb2-01be-4bbc-855b-a0462af22fec','LRELAT',4);
INSERT INTO diagnostic_responses (diagnostic_id,rater_id,question_code,score) VALUES ('323c816d-f716-489c-86fb-c0d324ffdf2c','5d727cb2-01be-4bbc-855b-a0462af22fec','D1',8);
INSERT INTO diagnostic_responses (diagnostic_id,rater_id,question_code,text_response) VALUES ('323c816d-f716-489c-86fb-c0d324ffdf2c','5d727cb2-01be-4bbc-855b-a0462af22fec','LSTART_TRUST','This leader could build relationship that leads to trust for example spending time with people on his teams.  This is not to say that he does not have trusting relationships now just something to consider.');
INSERT INTO diagnostic_responses (diagnostic_id,rater_id,question_code,text_response) VALUES ('323c816d-f716-489c-86fb-c0d324ffdf2c','5d727cb2-01be-4bbc-855b-a0462af22fec','LSTOP_INIT','This leader could learn from being both microscopic and macroscopic at the same time or at least zooming in and zooming out for important decisions and conversations.');
INSERT INTO diagnostic_responses (diagnostic_id,rater_id,question_code,text_response) VALUES ('323c816d-f716-489c-86fb-c0d324ffdf2c','5d727cb2-01be-4bbc-855b-a0462af22fec','LCONT_PROD','This leader makes sure to take the time to reiterate team productivity at each meeting.  This is a great skill.');
INSERT INTO diagnostic_responses (diagnostic_id,rater_id,question_code,text_response) VALUES ('323c816d-f716-489c-86fb-c0d324ffdf2c','5d727cb2-01be-4bbc-855b-a0462af22fec','LSTOP_COMM','Again, taking the time to see the big picture and the little details when analyzing situations.');
INSERT INTO diagnostic_responses (diagnostic_id,rater_id,question_code,text_response) VALUES ('323c816d-f716-489c-86fb-c0d324ffdf2c','5d727cb2-01be-4bbc-855b-a0462af22fec','LCREATIVE','The building of team has been a valuable approach to his style.  Learning and adapting from others has also been a solid approach.');
INSERT INTO diagnostic_responses (diagnostic_id,rater_id,question_code,text_response) VALUES ('323c816d-f716-489c-86fb-c0d324ffdf2c','5d727cb2-01be-4bbc-855b-a0462af22fec','LSTART_IMPACT','This is going to be hard, but the one thing that will elevate impact is sitting back and being able to delegate this work with a team.');
INSERT INTO diagnostic_responses (diagnostic_id,rater_id,question_code,text_response) VALUES ('323c816d-f716-489c-86fb-c0d324ffdf2c','5d727cb2-01be-4bbc-855b-a0462af22fec','LSTOP_IMPACT','I see Steven get emotionally involved.  This will lead to burn out. He can be cerebral but a nice mix of the two will lead to longevity.');
INSERT INTO diagnostic_responses (diagnostic_id,rater_id,question_code,text_response) VALUES ('323c816d-f716-489c-86fb-c0d324ffdf2c','5d727cb2-01be-4bbc-855b-a0462af22fec','LCONT_IMPACT','Steven is a fantastic listener and responder.  Because he is a thinker, he can pivot very easily.  That ability to respond is vital.');
INSERT INTO diagnostic_responses (diagnostic_id,rater_id,question_code,text_response) VALUES ('323c816d-f716-489c-86fb-c0d324ffdf2c','5d727cb2-01be-4bbc-855b-a0462af22fec','LDESCRIBE','Steven is committed, personable and nimble.');
INSERT INTO diagnostic_raters (id,diagnostic_id,name,email,relationship,is_self,completed_at,created_at) VALUES ('4e00fa90-3f6d-4a28-a46c-c6123ef60004','323c816d-f716-489c-86fb-c0d324ffdf2c','Sara Cordova','sara.cordova3@ped.nm.gov','Peer',false,'2025-04-26T00:00:00Z','2025-04-26T00:00:00Z');
INSERT INTO diagnostic_responses (diagnostic_id,rater_id,question_code,score) VALUES ('323c816d-f716-489c-86fb-c0d324ffdf2c','4e00fa90-3f6d-4a28-a46c-c6123ef60004','A1',5);
INSERT INTO diagnostic_responses (diagnostic_id,rater_id,question_code,score) VALUES ('323c816d-f716-489c-86fb-c0d324ffdf2c','4e00fa90-3f6d-4a28-a46c-c6123ef60004','B1',5);
INSERT INTO diagnostic_responses (diagnostic_id,rater_id,question_code,score) VALUES ('323c816d-f716-489c-86fb-c0d324ffdf2c','4e00fa90-3f6d-4a28-a46c-c6123ef60004','B2',5);
INSERT INTO diagnostic_responses (diagnostic_id,rater_id,question_code,score) VALUES ('323c816d-f716-489c-86fb-c0d324ffdf2c','4e00fa90-3f6d-4a28-a46c-c6123ef60004','B3',5);
INSERT INTO diagnostic_responses (diagnostic_id,rater_id,question_code,score) VALUES ('323c816d-f716-489c-86fb-c0d324ffdf2c','4e00fa90-3f6d-4a28-a46c-c6123ef60004','C1',5);
INSERT INTO diagnostic_responses (diagnostic_id,rater_id,question_code,score) VALUES ('323c816d-f716-489c-86fb-c0d324ffdf2c','4e00fa90-3f6d-4a28-a46c-c6123ef60004','C2',5);
INSERT INTO diagnostic_responses (diagnostic_id,rater_id,question_code,score) VALUES ('323c816d-f716-489c-86fb-c0d324ffdf2c','4e00fa90-3f6d-4a28-a46c-c6123ef60004','C3',5);
INSERT INTO diagnostic_responses (diagnostic_id,rater_id,question_code,score) VALUES ('323c816d-f716-489c-86fb-c0d324ffdf2c','4e00fa90-3f6d-4a28-a46c-c6123ef60004','LCOMM',5);
INSERT INTO diagnostic_responses (diagnostic_id,rater_id,question_code,score) VALUES ('323c816d-f716-489c-86fb-c0d324ffdf2c','4e00fa90-3f6d-4a28-a46c-c6123ef60004','LCONF',5);
INSERT INTO diagnostic_responses (diagnostic_id,rater_id,question_code,score) VALUES ('323c816d-f716-489c-86fb-c0d324ffdf2c','4e00fa90-3f6d-4a28-a46c-c6123ef60004','LINFL',5);
INSERT INTO diagnostic_responses (diagnostic_id,rater_id,question_code,score) VALUES ('323c816d-f716-489c-86fb-c0d324ffdf2c','4e00fa90-3f6d-4a28-a46c-c6123ef60004','LDEV',5);
INSERT INTO diagnostic_responses (diagnostic_id,rater_id,question_code,score) VALUES ('323c816d-f716-489c-86fb-c0d324ffdf2c','4e00fa90-3f6d-4a28-a46c-c6123ef60004','LSELF',5);
INSERT INTO diagnostic_responses (diagnostic_id,rater_id,question_code,score) VALUES ('323c816d-f716-489c-86fb-c0d324ffdf2c','4e00fa90-3f6d-4a28-a46c-c6123ef60004','LSTRAT',5);
INSERT INTO diagnostic_responses (diagnostic_id,rater_id,question_code,score) VALUES ('323c816d-f716-489c-86fb-c0d324ffdf2c','4e00fa90-3f6d-4a28-a46c-c6123ef60004','LCOLLAB',5);
INSERT INTO diagnostic_responses (diagnostic_id,rater_id,question_code,score) VALUES ('323c816d-f716-489c-86fb-c0d324ffdf2c','4e00fa90-3f6d-4a28-a46c-c6123ef60004','LACCT',5);
INSERT INTO diagnostic_responses (diagnostic_id,rater_id,question_code,score) VALUES ('323c816d-f716-489c-86fb-c0d324ffdf2c','4e00fa90-3f6d-4a28-a46c-c6123ef60004','LEXPECT',5);
INSERT INTO diagnostic_responses (diagnostic_id,rater_id,question_code,score) VALUES ('323c816d-f716-489c-86fb-c0d324ffdf2c','4e00fa90-3f6d-4a28-a46c-c6123ef60004','LCRISIS',5);
INSERT INTO diagnostic_responses (diagnostic_id,rater_id,question_code,score) VALUES ('323c816d-f716-489c-86fb-c0d324ffdf2c','4e00fa90-3f6d-4a28-a46c-c6123ef60004','LINSPIRE',5);
INSERT INTO diagnostic_responses (diagnostic_id,rater_id,question_code,score) VALUES ('323c816d-f716-489c-86fb-c0d324ffdf2c','4e00fa90-3f6d-4a28-a46c-c6123ef60004','LRELAT',5);
INSERT INTO diagnostic_responses (diagnostic_id,rater_id,question_code,score) VALUES ('323c816d-f716-489c-86fb-c0d324ffdf2c','4e00fa90-3f6d-4a28-a46c-c6123ef60004','D1',10);
INSERT INTO diagnostic_responses (diagnostic_id,rater_id,question_code,text_response) VALUES ('323c816d-f716-489c-86fb-c0d324ffdf2c','4e00fa90-3f6d-4a28-a46c-c6123ef60004','LSTART_TRUST','Start using a consistent, searchable place for updates (e.g., Teams posts or a running update log) instead of email whenever possible—this would make information easier to locate later and reduce inbox overload.');
INSERT INTO diagnostic_responses (diagnostic_id,rater_id,question_code,text_response) VALUES ('323c816d-f716-489c-86fb-c0d324ffdf2c','4e00fa90-3f6d-4a28-a46c-c6123ef60004','LSTOP_INIT','Doing less deep ‘what-if’ planning for low-probability situations—and using a lighter-touch risk scan with the option to expand only if needed—would free up time and empower the team to move forward with more initiative.');
INSERT INTO diagnostic_responses (diagnostic_id,rater_id,question_code,text_response) VALUES ('323c816d-f716-489c-86fb-c0d324ffdf2c','4e00fa90-3f6d-4a28-a46c-c6123ef60004','LCONT_PROD','Continue being highly accessible and collaborative—quickly jumping on a Teams call to work through questions and refine stakeholder messaging—while keeping work organized with clear timelines and follow-through. It keeps projects moving and reduces rework.');
INSERT INTO diagnostic_responses (diagnostic_id,rater_id,question_code,text_response) VALUES ('323c816d-f716-489c-86fb-c0d324ffdf2c','4e00fa90-3f6d-4a28-a46c-c6123ef60004','LSTOP_COMM','Use email less as the primary channel for updates; a centralized Teams hub would improve clarity and reduce missed information.');
INSERT INTO diagnostic_responses (diagnostic_id,rater_id,question_code,text_response) VALUES ('323c816d-f716-489c-86fb-c0d324ffdf2c','4e00fa90-3f6d-4a28-a46c-c6123ef60004','LCREATIVE','The accreditation rubric is a standout—simple, clear, and actionable. The broader accreditation process it supports has created much more consistency and efficiency, and it’s easy to build on with small refinements.');
INSERT INTO diagnostic_responses (diagnostic_id,rater_id,question_code,text_response) VALUES ('323c816d-f716-489c-86fb-c0d324ffdf2c','4e00fa90-3f6d-4a28-a46c-c6123ef60004','LSTART_IMPACT','Start opening key discussions by clarifying what success looks like, what decision needs to be made, and the main tradeoffs, so everyone aligns quickly and execution moves faster.');
INSERT INTO diagnostic_responses (diagnostic_id,rater_id,question_code,text_response) VALUES ('323c816d-f716-489c-86fb-c0d324ffdf2c','4e00fa90-3f6d-4a28-a46c-c6123ef60004','LSTOP_IMPACT','Stop defaulting to long email threads and extensive contingency planning—centralizing updates and focusing on the most likely scenarios would make communication and execution more efficient.');
INSERT INTO diagnostic_responses (diagnostic_id,rater_id,question_code,text_response) VALUES ('323c816d-f716-489c-86fb-c0d324ffdf2c','4e00fa90-3f6d-4a28-a46c-c6123ef60004','LCONT_IMPACT','Continue the combination of accessibility and structure: responsive support, clear direction, and strong timeline management.');
INSERT INTO diagnostic_responses (diagnostic_id,rater_id,question_code,text_response) VALUES ('323c816d-f716-489c-86fb-c0d324ffdf2c','4e00fa90-3f6d-4a28-a46c-c6123ef60004','LDESCRIBE','Calm, empathetic, and professional; highly collaborative and solution-oriented; approachable and supportive; organized and timeline-driven with strong follow-through—reliable, fair, and consistent.');
INSERT INTO diagnostic_raters (id,diagnostic_id,name,email,relationship,is_self,completed_at,created_at) VALUES ('234fd467-8637-47ec-b092-7660cde7a37b','323c816d-f716-489c-86fb-c0d324ffdf2c','Yvonne Garcia','yvonne.garcia@ped.nm.gov','Board / Investor',false,'2025-04-26T00:00:00Z','2025-04-26T00:00:00Z');
INSERT INTO diagnostic_responses (diagnostic_id,rater_id,question_code,score) VALUES ('323c816d-f716-489c-86fb-c0d324ffdf2c','234fd467-8637-47ec-b092-7660cde7a37b','A1',5);
INSERT INTO diagnostic_responses (diagnostic_id,rater_id,question_code,score) VALUES ('323c816d-f716-489c-86fb-c0d324ffdf2c','234fd467-8637-47ec-b092-7660cde7a37b','B1',4);
INSERT INTO diagnostic_responses (diagnostic_id,rater_id,question_code,score) VALUES ('323c816d-f716-489c-86fb-c0d324ffdf2c','234fd467-8637-47ec-b092-7660cde7a37b','B2',5);
INSERT INTO diagnostic_responses (diagnostic_id,rater_id,question_code,score) VALUES ('323c816d-f716-489c-86fb-c0d324ffdf2c','234fd467-8637-47ec-b092-7660cde7a37b','B3',3);
INSERT INTO diagnostic_responses (diagnostic_id,rater_id,question_code,score) VALUES ('323c816d-f716-489c-86fb-c0d324ffdf2c','234fd467-8637-47ec-b092-7660cde7a37b','C1',5);
INSERT INTO diagnostic_responses (diagnostic_id,rater_id,question_code,score) VALUES ('323c816d-f716-489c-86fb-c0d324ffdf2c','234fd467-8637-47ec-b092-7660cde7a37b','C2',5);
INSERT INTO diagnostic_responses (diagnostic_id,rater_id,question_code,score) VALUES ('323c816d-f716-489c-86fb-c0d324ffdf2c','234fd467-8637-47ec-b092-7660cde7a37b','C3',5);
INSERT INTO diagnostic_responses (diagnostic_id,rater_id,question_code,score) VALUES ('323c816d-f716-489c-86fb-c0d324ffdf2c','234fd467-8637-47ec-b092-7660cde7a37b','LCOMM',4);
INSERT INTO diagnostic_responses (diagnostic_id,rater_id,question_code,score) VALUES ('323c816d-f716-489c-86fb-c0d324ffdf2c','234fd467-8637-47ec-b092-7660cde7a37b','LCONF',4);
INSERT INTO diagnostic_responses (diagnostic_id,rater_id,question_code,score) VALUES ('323c816d-f716-489c-86fb-c0d324ffdf2c','234fd467-8637-47ec-b092-7660cde7a37b','LINFL',5);
INSERT INTO diagnostic_responses (diagnostic_id,rater_id,question_code,score) VALUES ('323c816d-f716-489c-86fb-c0d324ffdf2c','234fd467-8637-47ec-b092-7660cde7a37b','LDEV',5);
INSERT INTO diagnostic_responses (diagnostic_id,rater_id,question_code,score) VALUES ('323c816d-f716-489c-86fb-c0d324ffdf2c','234fd467-8637-47ec-b092-7660cde7a37b','LSELF',5);
INSERT INTO diagnostic_responses (diagnostic_id,rater_id,question_code,score) VALUES ('323c816d-f716-489c-86fb-c0d324ffdf2c','234fd467-8637-47ec-b092-7660cde7a37b','LSTRAT',4);
INSERT INTO diagnostic_responses (diagnostic_id,rater_id,question_code,score) VALUES ('323c816d-f716-489c-86fb-c0d324ffdf2c','234fd467-8637-47ec-b092-7660cde7a37b','LCOLLAB',5);
INSERT INTO diagnostic_responses (diagnostic_id,rater_id,question_code,score) VALUES ('323c816d-f716-489c-86fb-c0d324ffdf2c','234fd467-8637-47ec-b092-7660cde7a37b','LACCT',4);
INSERT INTO diagnostic_responses (diagnostic_id,rater_id,question_code,score) VALUES ('323c816d-f716-489c-86fb-c0d324ffdf2c','234fd467-8637-47ec-b092-7660cde7a37b','LEXPECT',4);
INSERT INTO diagnostic_responses (diagnostic_id,rater_id,question_code,score) VALUES ('323c816d-f716-489c-86fb-c0d324ffdf2c','234fd467-8637-47ec-b092-7660cde7a37b','LCRISIS',4);
INSERT INTO diagnostic_responses (diagnostic_id,rater_id,question_code,score) VALUES ('323c816d-f716-489c-86fb-c0d324ffdf2c','234fd467-8637-47ec-b092-7660cde7a37b','LINSPIRE',5);
INSERT INTO diagnostic_responses (diagnostic_id,rater_id,question_code,score) VALUES ('323c816d-f716-489c-86fb-c0d324ffdf2c','234fd467-8637-47ec-b092-7660cde7a37b','LRELAT',4);
INSERT INTO diagnostic_responses (diagnostic_id,rater_id,question_code,score) VALUES ('323c816d-f716-489c-86fb-c0d324ffdf2c','234fd467-8637-47ec-b092-7660cde7a37b','D1',9);
INSERT INTO diagnostic_responses (diagnostic_id,rater_id,question_code,text_response) VALUES ('323c816d-f716-489c-86fb-c0d324ffdf2c','234fd467-8637-47ec-b092-7660cde7a37b','LSTART_TRUST','Steve is very thoughtful in his responses to query from team members.  He has been a key person in the state''s accreditation process development.');
INSERT INTO diagnostic_responses (diagnostic_id,rater_id,question_code,text_response) VALUES ('323c816d-f716-489c-86fb-c0d324ffdf2c','234fd467-8637-47ec-b092-7660cde7a37b','LSTOP_INIT','He may be concerned with offending those who he disagrees with.  He is very polite but may need to be more directive in his responses.');
INSERT INTO diagnostic_responses (diagnostic_id,rater_id,question_code,text_response) VALUES ('323c816d-f716-489c-86fb-c0d324ffdf2c','234fd467-8637-47ec-b092-7660cde7a37b','LCONT_PROD','pays attention to detail and considers cause and effect of decisions;  questions 7-9 are the same question??');
INSERT INTO diagnostic_responses (diagnostic_id,rater_id,question_code,text_response) VALUES ('323c816d-f716-489c-86fb-c0d324ffdf2c','234fd467-8637-47ec-b092-7660cde7a37b','LSTOP_COMM','returning back to previous decisions prior to moving forward with new ones.');
INSERT INTO diagnostic_responses (diagnostic_id,rater_id,question_code,text_response) VALUES ('323c816d-f716-489c-86fb-c0d324ffdf2c','234fd467-8637-47ec-b092-7660cde7a37b','LCREATIVE','Steve is very methodical and sometimes doesn''t think outside the box.');
INSERT INTO diagnostic_responses (diagnostic_id,rater_id,question_code,text_response) VALUES ('323c816d-f716-489c-86fb-c0d324ffdf2c','234fd467-8637-47ec-b092-7660cde7a37b','LSTART_IMPACT','Promote himself and the decisions he is making.');
INSERT INTO diagnostic_responses (diagnostic_id,rater_id,question_code,text_response) VALUES ('323c816d-f716-489c-86fb-c0d324ffdf2c','234fd467-8637-47ec-b092-7660cde7a37b','LSTOP_IMPACT','Balance the work of the details with the overall picture.');
INSERT INTO diagnostic_responses (diagnostic_id,rater_id,question_code,text_response) VALUES ('323c816d-f716-489c-86fb-c0d324ffdf2c','234fd467-8637-47ec-b092-7660cde7a37b','LCONT_IMPACT','See section 15');
INSERT INTO diagnostic_responses (diagnostic_id,rater_id,question_code,text_response) VALUES ('323c816d-f716-489c-86fb-c0d324ffdf2c','234fd467-8637-47ec-b092-7660cde7a37b','LDESCRIBE','hard worker, smart, organized, thoughtful about impact of his decisions, good researcher and thinks about details');
INSERT INTO diagnostic_raters (id,diagnostic_id,name,email,relationship,is_self,completed_at,created_at) VALUES ('791946d1-d118-4d07-9ff9-7495627d3461','323c816d-f716-489c-86fb-c0d324ffdf2c','Lynn Vasquez','Lynn.Vasquez@ped.nm.gov','Supervisor',false,'2025-04-26T00:00:00Z','2025-04-26T00:00:00Z');
INSERT INTO diagnostic_responses (diagnostic_id,rater_id,question_code,score) VALUES ('323c816d-f716-489c-86fb-c0d324ffdf2c','791946d1-d118-4d07-9ff9-7495627d3461','A1',4);
INSERT INTO diagnostic_responses (diagnostic_id,rater_id,question_code,score) VALUES ('323c816d-f716-489c-86fb-c0d324ffdf2c','791946d1-d118-4d07-9ff9-7495627d3461','B1',3);
INSERT INTO diagnostic_responses (diagnostic_id,rater_id,question_code,score) VALUES ('323c816d-f716-489c-86fb-c0d324ffdf2c','791946d1-d118-4d07-9ff9-7495627d3461','B2',4);
INSERT INTO diagnostic_responses (diagnostic_id,rater_id,question_code,score) VALUES ('323c816d-f716-489c-86fb-c0d324ffdf2c','791946d1-d118-4d07-9ff9-7495627d3461','B3',4);
INSERT INTO diagnostic_responses (diagnostic_id,rater_id,question_code,score) VALUES ('323c816d-f716-489c-86fb-c0d324ffdf2c','791946d1-d118-4d07-9ff9-7495627d3461','C1',4);
INSERT INTO diagnostic_responses (diagnostic_id,rater_id,question_code,score) VALUES ('323c816d-f716-489c-86fb-c0d324ffdf2c','791946d1-d118-4d07-9ff9-7495627d3461','C2',4);
INSERT INTO diagnostic_responses (diagnostic_id,rater_id,question_code,score) VALUES ('323c816d-f716-489c-86fb-c0d324ffdf2c','791946d1-d118-4d07-9ff9-7495627d3461','C3',4);
INSERT INTO diagnostic_responses (diagnostic_id,rater_id,question_code,score) VALUES ('323c816d-f716-489c-86fb-c0d324ffdf2c','791946d1-d118-4d07-9ff9-7495627d3461','LCOMM',3);
INSERT INTO diagnostic_responses (diagnostic_id,rater_id,question_code,score) VALUES ('323c816d-f716-489c-86fb-c0d324ffdf2c','791946d1-d118-4d07-9ff9-7495627d3461','LCONF',2);
INSERT INTO diagnostic_responses (diagnostic_id,rater_id,question_code,score) VALUES ('323c816d-f716-489c-86fb-c0d324ffdf2c','791946d1-d118-4d07-9ff9-7495627d3461','LINFL',4);
INSERT INTO diagnostic_responses (diagnostic_id,rater_id,question_code,score) VALUES ('323c816d-f716-489c-86fb-c0d324ffdf2c','791946d1-d118-4d07-9ff9-7495627d3461','LDEV',3);
INSERT INTO diagnostic_responses (diagnostic_id,rater_id,question_code,score) VALUES ('323c816d-f716-489c-86fb-c0d324ffdf2c','791946d1-d118-4d07-9ff9-7495627d3461','LSELF',5);
INSERT INTO diagnostic_responses (diagnostic_id,rater_id,question_code,score) VALUES ('323c816d-f716-489c-86fb-c0d324ffdf2c','791946d1-d118-4d07-9ff9-7495627d3461','LSTRAT',4);
INSERT INTO diagnostic_responses (diagnostic_id,rater_id,question_code,score) VALUES ('323c816d-f716-489c-86fb-c0d324ffdf2c','791946d1-d118-4d07-9ff9-7495627d3461','LCOLLAB',3);
INSERT INTO diagnostic_responses (diagnostic_id,rater_id,question_code,score) VALUES ('323c816d-f716-489c-86fb-c0d324ffdf2c','791946d1-d118-4d07-9ff9-7495627d3461','LACCT',4);
INSERT INTO diagnostic_responses (diagnostic_id,rater_id,question_code,score) VALUES ('323c816d-f716-489c-86fb-c0d324ffdf2c','791946d1-d118-4d07-9ff9-7495627d3461','LEXPECT',4);
INSERT INTO diagnostic_responses (diagnostic_id,rater_id,question_code,score) VALUES ('323c816d-f716-489c-86fb-c0d324ffdf2c','791946d1-d118-4d07-9ff9-7495627d3461','LCRISIS',3);
INSERT INTO diagnostic_responses (diagnostic_id,rater_id,question_code,score) VALUES ('323c816d-f716-489c-86fb-c0d324ffdf2c','791946d1-d118-4d07-9ff9-7495627d3461','LINSPIRE',4);
INSERT INTO diagnostic_responses (diagnostic_id,rater_id,question_code,score) VALUES ('323c816d-f716-489c-86fb-c0d324ffdf2c','791946d1-d118-4d07-9ff9-7495627d3461','LRELAT',3);
INSERT INTO diagnostic_responses (diagnostic_id,rater_id,question_code,score) VALUES ('323c816d-f716-489c-86fb-c0d324ffdf2c','791946d1-d118-4d07-9ff9-7495627d3461','D1',7);
INSERT INTO diagnostic_responses (diagnostic_id,rater_id,question_code,text_response) VALUES ('323c816d-f716-489c-86fb-c0d324ffdf2c','791946d1-d118-4d07-9ff9-7495627d3461','LSTART_TRUST','Continued growth in receiving feedback as an opportunity for refinement — rather than as critique — will enhance collaboration and leadership presence.');
INSERT INTO diagnostic_responses (diagnostic_id,rater_id,question_code,text_response) VALUES ('323c816d-f716-489c-86fb-c0d324ffdf2c','791946d1-d118-4d07-9ff9-7495627d3461','LSTOP_INIT','Stop attributing outcomes solely to external factors without self-reflection.');
INSERT INTO diagnostic_responses (diagnostic_id,rater_id,question_code,text_response) VALUES ('323c816d-f716-489c-86fb-c0d324ffdf2c','791946d1-d118-4d07-9ff9-7495627d3461','LCONT_PROD','Continue bringing strong commitment and conviction to their work');
INSERT INTO diagnostic_responses (diagnostic_id,rater_id,question_code,text_response) VALUES ('323c816d-f716-489c-86fb-c0d324ffdf2c','791946d1-d118-4d07-9ff9-7495627d3461','LSTOP_COMM','Better understand that individual goals and aims related to the work at hand sometimes must be superseded to consider the broader work of the division or other work needs that are apart or that must reside alongside the individual work.');
INSERT INTO diagnostic_responses (diagnostic_id,rater_id,question_code,text_response) VALUES ('323c816d-f716-489c-86fb-c0d324ffdf2c','791946d1-d118-4d07-9ff9-7495627d3461','LCREATIVE','This leader is able to be deeply engaged with those projects and activities that serve his core work needs and work areas, which shows passion and commitment, but this leader must also understand sometimes personal work goals must be sacrificed for the broader good.');
INSERT INTO diagnostic_responses (diagnostic_id,rater_id,question_code,text_response) VALUES ('323c816d-f716-489c-86fb-c0d324ffdf2c','791946d1-d118-4d07-9ff9-7495627d3461','LSTART_IMPACT','The leader should develop a reflection journal of interactions held during the day to consider how he positively contributed to engagements and interactions.');
INSERT INTO diagnostic_responses (diagnostic_id,rater_id,question_code,text_response) VALUES ('323c816d-f716-489c-86fb-c0d324ffdf2c','791946d1-d118-4d07-9ff9-7495627d3461','LSTOP_IMPACT','The leader should be more self-reflective and consider what strategies he might develop for similar situations in the future, so as not (STOP) to come across blatant, aloof,  disengenuos, or being put off.  Assume "good intent" in every interaction.');
INSERT INTO diagnostic_responses (diagnostic_id,rater_id,question_code,text_response) VALUES ('323c816d-f716-489c-86fb-c0d324ffdf2c','791946d1-d118-4d07-9ff9-7495627d3461','LCONT_IMPACT','This leader shows strong commitment and passion for the projects assigned to him.');
INSERT INTO diagnostic_responses (diagnostic_id,rater_id,question_code,text_response) VALUES ('323c816d-f716-489c-86fb-c0d324ffdf2c','791946d1-d118-4d07-9ff9-7495627d3461','LDESCRIBE','Steven is an intelligent program coordinator who demonstrates care and concern for projects and polices that he is passionate about.  He can be a great thought partner and has much to contribute.');
INSERT INTO diagnostic_raters (id,diagnostic_id,name,email,relationship,is_self,completed_at,created_at) VALUES ('d5cc3bba-fb10-4b4f-94ca-a6ccc3c019e8','323c816d-f716-489c-86fb-c0d324ffdf2c','Joyce A Gormley','jgormley@socorroschools.org','Peer',false,'2025-04-26T00:00:00Z','2025-04-26T00:00:00Z');
INSERT INTO diagnostic_responses (diagnostic_id,rater_id,question_code,score) VALUES ('323c816d-f716-489c-86fb-c0d324ffdf2c','d5cc3bba-fb10-4b4f-94ca-a6ccc3c019e8','A1',5);
INSERT INTO diagnostic_responses (diagnostic_id,rater_id,question_code,score) VALUES ('323c816d-f716-489c-86fb-c0d324ffdf2c','d5cc3bba-fb10-4b4f-94ca-a6ccc3c019e8','B1',4);
INSERT INTO diagnostic_responses (diagnostic_id,rater_id,question_code,score) VALUES ('323c816d-f716-489c-86fb-c0d324ffdf2c','d5cc3bba-fb10-4b4f-94ca-a6ccc3c019e8','B3',4);
INSERT INTO diagnostic_responses (diagnostic_id,rater_id,question_code,score) VALUES ('323c816d-f716-489c-86fb-c0d324ffdf2c','d5cc3bba-fb10-4b4f-94ca-a6ccc3c019e8','C1',4);
INSERT INTO diagnostic_responses (diagnostic_id,rater_id,question_code,score) VALUES ('323c816d-f716-489c-86fb-c0d324ffdf2c','d5cc3bba-fb10-4b4f-94ca-a6ccc3c019e8','C2',4);
INSERT INTO diagnostic_responses (diagnostic_id,rater_id,question_code,score) VALUES ('323c816d-f716-489c-86fb-c0d324ffdf2c','d5cc3bba-fb10-4b4f-94ca-a6ccc3c019e8','C3',4);
INSERT INTO diagnostic_responses (diagnostic_id,rater_id,question_code,score) VALUES ('323c816d-f716-489c-86fb-c0d324ffdf2c','d5cc3bba-fb10-4b4f-94ca-a6ccc3c019e8','LCOMM',5);
INSERT INTO diagnostic_responses (diagnostic_id,rater_id,question_code,score) VALUES ('323c816d-f716-489c-86fb-c0d324ffdf2c','d5cc3bba-fb10-4b4f-94ca-a6ccc3c019e8','LCONF',5);
INSERT INTO diagnostic_responses (diagnostic_id,rater_id,question_code,score) VALUES ('323c816d-f716-489c-86fb-c0d324ffdf2c','d5cc3bba-fb10-4b4f-94ca-a6ccc3c019e8','LINFL',4);
INSERT INTO diagnostic_responses (diagnostic_id,rater_id,question_code,score) VALUES ('323c816d-f716-489c-86fb-c0d324ffdf2c','d5cc3bba-fb10-4b4f-94ca-a6ccc3c019e8','LDEV',4);
INSERT INTO diagnostic_responses (diagnostic_id,rater_id,question_code,score) VALUES ('323c816d-f716-489c-86fb-c0d324ffdf2c','d5cc3bba-fb10-4b4f-94ca-a6ccc3c019e8','LSELF',5);
INSERT INTO diagnostic_responses (diagnostic_id,rater_id,question_code,score) VALUES ('323c816d-f716-489c-86fb-c0d324ffdf2c','d5cc3bba-fb10-4b4f-94ca-a6ccc3c019e8','LSTRAT',5);
INSERT INTO diagnostic_responses (diagnostic_id,rater_id,question_code,score) VALUES ('323c816d-f716-489c-86fb-c0d324ffdf2c','d5cc3bba-fb10-4b4f-94ca-a6ccc3c019e8','LCOLLAB',5);
INSERT INTO diagnostic_responses (diagnostic_id,rater_id,question_code,score) VALUES ('323c816d-f716-489c-86fb-c0d324ffdf2c','d5cc3bba-fb10-4b4f-94ca-a6ccc3c019e8','LACCT',5);
INSERT INTO diagnostic_responses (diagnostic_id,rater_id,question_code,score) VALUES ('323c816d-f716-489c-86fb-c0d324ffdf2c','d5cc3bba-fb10-4b4f-94ca-a6ccc3c019e8','LEXPECT',5);
INSERT INTO diagnostic_responses (diagnostic_id,rater_id,question_code,score) VALUES ('323c816d-f716-489c-86fb-c0d324ffdf2c','d5cc3bba-fb10-4b4f-94ca-a6ccc3c019e8','LCRISIS',4);
INSERT INTO diagnostic_responses (diagnostic_id,rater_id,question_code,score) VALUES ('323c816d-f716-489c-86fb-c0d324ffdf2c','d5cc3bba-fb10-4b4f-94ca-a6ccc3c019e8','LINSPIRE',5);
INSERT INTO diagnostic_responses (diagnostic_id,rater_id,question_code,score) VALUES ('323c816d-f716-489c-86fb-c0d324ffdf2c','d5cc3bba-fb10-4b4f-94ca-a6ccc3c019e8','LRELAT',5);
INSERT INTO diagnostic_responses (diagnostic_id,rater_id,question_code,score) VALUES ('323c816d-f716-489c-86fb-c0d324ffdf2c','d5cc3bba-fb10-4b4f-94ca-a6ccc3c019e8','D1',9);
INSERT INTO diagnostic_responses (diagnostic_id,rater_id,question_code,text_response) VALUES ('323c816d-f716-489c-86fb-c0d324ffdf2c','d5cc3bba-fb10-4b4f-94ca-a6ccc3c019e8','LSTART_TRUST','I can''t think of anything at this time.');
INSERT INTO diagnostic_responses (diagnostic_id,rater_id,question_code,text_response) VALUES ('323c816d-f716-489c-86fb-c0d324ffdf2c','d5cc3bba-fb10-4b4f-94ca-a6ccc3c019e8','LSTOP_INIT','I truly can''t think of anything.');
INSERT INTO diagnostic_responses (diagnostic_id,rater_id,question_code,text_response) VALUES ('323c816d-f716-489c-86fb-c0d324ffdf2c','d5cc3bba-fb10-4b4f-94ca-a6ccc3c019e8','LCONT_PROD','Honestly, transparency, and active listening');
INSERT INTO diagnostic_responses (diagnostic_id,rater_id,question_code,text_response) VALUES ('323c816d-f716-489c-86fb-c0d324ffdf2c','d5cc3bba-fb10-4b4f-94ca-a6ccc3c019e8','LSTOP_COMM','?');
INSERT INTO diagnostic_responses (diagnostic_id,rater_id,question_code,text_response) VALUES ('323c816d-f716-489c-86fb-c0d324ffdf2c','d5cc3bba-fb10-4b4f-94ca-a6ccc3c019e8','LCREATIVE','I don''t think I know him well enough to answer some of these questions.');
INSERT INTO diagnostic_responses (diagnostic_id,rater_id,question_code,text_response) VALUES ('323c816d-f716-489c-86fb-c0d324ffdf2c','d5cc3bba-fb10-4b4f-94ca-a6ccc3c019e8','LSTART_IMPACT','I don''t think I know him well enough to answer some of these questions.');
INSERT INTO diagnostic_responses (diagnostic_id,rater_id,question_code,text_response) VALUES ('323c816d-f716-489c-86fb-c0d324ffdf2c','d5cc3bba-fb10-4b4f-94ca-a6ccc3c019e8','LSTOP_IMPACT','I can''t think of anything.');
INSERT INTO diagnostic_responses (diagnostic_id,rater_id,question_code,text_response) VALUES ('323c816d-f716-489c-86fb-c0d324ffdf2c','d5cc3bba-fb10-4b4f-94ca-a6ccc3c019e8','LCONT_IMPACT','Listening.');
INSERT INTO diagnostic_responses (diagnostic_id,rater_id,question_code,text_response) VALUES ('323c816d-f716-489c-86fb-c0d324ffdf2c','d5cc3bba-fb10-4b4f-94ca-a6ccc3c019e8','LDESCRIBE','Genuine');
INSERT INTO diagnostic_raters (id,diagnostic_id,name,email,relationship,is_self,completed_at,created_at) VALUES ('4f9b53e8-543a-4605-b212-4aee9645225d','323c816d-f716-489c-86fb-c0d324ffdf2c','Natalie Campbell','natalie.campbell@ped.state.nm.us','Peer',false,'2025-04-26T00:00:00Z','2025-04-26T00:00:00Z');
INSERT INTO diagnostic_responses (diagnostic_id,rater_id,question_code,score) VALUES ('323c816d-f716-489c-86fb-c0d324ffdf2c','4f9b53e8-543a-4605-b212-4aee9645225d','A1',5);
INSERT INTO diagnostic_responses (diagnostic_id,rater_id,question_code,score) VALUES ('323c816d-f716-489c-86fb-c0d324ffdf2c','4f9b53e8-543a-4605-b212-4aee9645225d','B1',4);
INSERT INTO diagnostic_responses (diagnostic_id,rater_id,question_code,score) VALUES ('323c816d-f716-489c-86fb-c0d324ffdf2c','4f9b53e8-543a-4605-b212-4aee9645225d','B2',5);
INSERT INTO diagnostic_responses (diagnostic_id,rater_id,question_code,score) VALUES ('323c816d-f716-489c-86fb-c0d324ffdf2c','4f9b53e8-543a-4605-b212-4aee9645225d','B3',5);
INSERT INTO diagnostic_responses (diagnostic_id,rater_id,question_code,score) VALUES ('323c816d-f716-489c-86fb-c0d324ffdf2c','4f9b53e8-543a-4605-b212-4aee9645225d','C1',5);
INSERT INTO diagnostic_responses (diagnostic_id,rater_id,question_code,score) VALUES ('323c816d-f716-489c-86fb-c0d324ffdf2c','4f9b53e8-543a-4605-b212-4aee9645225d','C2',5);
INSERT INTO diagnostic_responses (diagnostic_id,rater_id,question_code,score) VALUES ('323c816d-f716-489c-86fb-c0d324ffdf2c','4f9b53e8-543a-4605-b212-4aee9645225d','C3',5);
INSERT INTO diagnostic_responses (diagnostic_id,rater_id,question_code,score) VALUES ('323c816d-f716-489c-86fb-c0d324ffdf2c','4f9b53e8-543a-4605-b212-4aee9645225d','LCOMM',5);
INSERT INTO diagnostic_responses (diagnostic_id,rater_id,question_code,score) VALUES ('323c816d-f716-489c-86fb-c0d324ffdf2c','4f9b53e8-543a-4605-b212-4aee9645225d','LCONF',4);
INSERT INTO diagnostic_responses (diagnostic_id,rater_id,question_code,score) VALUES ('323c816d-f716-489c-86fb-c0d324ffdf2c','4f9b53e8-543a-4605-b212-4aee9645225d','LINFL',5);
INSERT INTO diagnostic_responses (diagnostic_id,rater_id,question_code,score) VALUES ('323c816d-f716-489c-86fb-c0d324ffdf2c','4f9b53e8-543a-4605-b212-4aee9645225d','LDEV',4);
INSERT INTO diagnostic_responses (diagnostic_id,rater_id,question_code,score) VALUES ('323c816d-f716-489c-86fb-c0d324ffdf2c','4f9b53e8-543a-4605-b212-4aee9645225d','LSELF',5);
INSERT INTO diagnostic_responses (diagnostic_id,rater_id,question_code,score) VALUES ('323c816d-f716-489c-86fb-c0d324ffdf2c','4f9b53e8-543a-4605-b212-4aee9645225d','LSTRAT',5);
INSERT INTO diagnostic_responses (diagnostic_id,rater_id,question_code,score) VALUES ('323c816d-f716-489c-86fb-c0d324ffdf2c','4f9b53e8-543a-4605-b212-4aee9645225d','LCOLLAB',5);
INSERT INTO diagnostic_responses (diagnostic_id,rater_id,question_code,score) VALUES ('323c816d-f716-489c-86fb-c0d324ffdf2c','4f9b53e8-543a-4605-b212-4aee9645225d','LACCT',5);
INSERT INTO diagnostic_responses (diagnostic_id,rater_id,question_code,score) VALUES ('323c816d-f716-489c-86fb-c0d324ffdf2c','4f9b53e8-543a-4605-b212-4aee9645225d','LEXPECT',4);
INSERT INTO diagnostic_responses (diagnostic_id,rater_id,question_code,score) VALUES ('323c816d-f716-489c-86fb-c0d324ffdf2c','4f9b53e8-543a-4605-b212-4aee9645225d','LCRISIS',5);
INSERT INTO diagnostic_responses (diagnostic_id,rater_id,question_code,score) VALUES ('323c816d-f716-489c-86fb-c0d324ffdf2c','4f9b53e8-543a-4605-b212-4aee9645225d','LINSPIRE',5);
INSERT INTO diagnostic_responses (diagnostic_id,rater_id,question_code,score) VALUES ('323c816d-f716-489c-86fb-c0d324ffdf2c','4f9b53e8-543a-4605-b212-4aee9645225d','LRELAT',5);
INSERT INTO diagnostic_responses (diagnostic_id,rater_id,question_code,score) VALUES ('323c816d-f716-489c-86fb-c0d324ffdf2c','4f9b53e8-543a-4605-b212-4aee9645225d','D1',10);
INSERT INTO diagnostic_responses (diagnostic_id,rater_id,question_code,text_response) VALUES ('323c816d-f716-489c-86fb-c0d324ffdf2c','4f9b53e8-543a-4605-b212-4aee9645225d','LSTART_TRUST','Include some push back against supervisors when appropriate');
INSERT INTO diagnostic_responses (diagnostic_id,rater_id,question_code,text_response) VALUES ('323c816d-f716-489c-86fb-c0d324ffdf2c','4f9b53e8-543a-4605-b212-4aee9645225d','LSTOP_INIT','I don''t see hinderance outcomes from working with this leader');
INSERT INTO diagnostic_responses (diagnostic_id,rater_id,question_code,text_response) VALUES ('323c816d-f716-489c-86fb-c0d324ffdf2c','4f9b53e8-543a-4605-b212-4aee9645225d','LCONT_PROD','Spend time familiarizing self with new concepts; very good at taking everyone''s input');
INSERT INTO diagnostic_responses (diagnostic_id,rater_id,question_code,text_response) VALUES ('323c816d-f716-489c-86fb-c0d324ffdf2c','4f9b53e8-543a-4605-b212-4aee9645225d','LSTOP_COMM','More meetings - which he does try to set, sometimes we are too busy; things get lost within email chains that a short conversation can set straight');
INSERT INTO diagnostic_responses (diagnostic_id,rater_id,question_code,text_response) VALUES ('323c816d-f716-489c-86fb-c0d324ffdf2c','4f9b53e8-543a-4605-b212-4aee9645225d','LCREATIVE','he has been creative in looking at different ways to achieve single goal');
INSERT INTO diagnostic_responses (diagnostic_id,rater_id,question_code,text_response) VALUES ('323c816d-f716-489c-86fb-c0d324ffdf2c','4f9b53e8-543a-4605-b212-4aee9645225d','LSTART_IMPACT','Feel his own worth to greater degree');
INSERT INTO diagnostic_responses (diagnostic_id,rater_id,question_code,text_response) VALUES ('323c816d-f716-489c-86fb-c0d324ffdf2c','4f9b53e8-543a-4605-b212-4aee9645225d','LSTOP_IMPACT','I don''t know that my position is correct, but I address rudeness regardless of person''s position. He will overlook same to get task done.');
INSERT INTO diagnostic_responses (diagnostic_id,rater_id,question_code,text_response) VALUES ('323c816d-f716-489c-86fb-c0d324ffdf2c','4f9b53e8-543a-4605-b212-4aee9645225d','LCONT_IMPACT','Growing and being curious and finding value in others'' input (that''s 3 things!)');
INSERT INTO diagnostic_responses (diagnostic_id,rater_id,question_code,text_response) VALUES ('323c816d-f716-489c-86fb-c0d324ffdf2c','4f9b53e8-543a-4605-b212-4aee9645225d','LDESCRIBE','Dedicated, knowledgeable, good team member but can also work independently; open to changing mind upon new information');
INSERT INTO diagnostic_raters (id,diagnostic_id,name,email,relationship,is_self,completed_at,created_at) VALUES ('0257c17f-7552-4d48-a809-36761263a4c4','323c816d-f716-489c-86fb-c0d324ffdf2c','Damian Wierzbicki','damian.wierzbicki@ped.nm.gov','Peer',false,'2025-04-26T00:00:00Z','2025-04-26T00:00:00Z');
INSERT INTO diagnostic_responses (diagnostic_id,rater_id,question_code,score) VALUES ('323c816d-f716-489c-86fb-c0d324ffdf2c','0257c17f-7552-4d48-a809-36761263a4c4','A1',5);
INSERT INTO diagnostic_responses (diagnostic_id,rater_id,question_code,score) VALUES ('323c816d-f716-489c-86fb-c0d324ffdf2c','0257c17f-7552-4d48-a809-36761263a4c4','B1',5);
INSERT INTO diagnostic_responses (diagnostic_id,rater_id,question_code,score) VALUES ('323c816d-f716-489c-86fb-c0d324ffdf2c','0257c17f-7552-4d48-a809-36761263a4c4','B2',5);
INSERT INTO diagnostic_responses (diagnostic_id,rater_id,question_code,score) VALUES ('323c816d-f716-489c-86fb-c0d324ffdf2c','0257c17f-7552-4d48-a809-36761263a4c4','B3',5);
INSERT INTO diagnostic_responses (diagnostic_id,rater_id,question_code,score) VALUES ('323c816d-f716-489c-86fb-c0d324ffdf2c','0257c17f-7552-4d48-a809-36761263a4c4','C1',4);
INSERT INTO diagnostic_responses (diagnostic_id,rater_id,question_code,score) VALUES ('323c816d-f716-489c-86fb-c0d324ffdf2c','0257c17f-7552-4d48-a809-36761263a4c4','C2',4);
INSERT INTO diagnostic_responses (diagnostic_id,rater_id,question_code,score) VALUES ('323c816d-f716-489c-86fb-c0d324ffdf2c','0257c17f-7552-4d48-a809-36761263a4c4','C3',4);
INSERT INTO diagnostic_responses (diagnostic_id,rater_id,question_code,score) VALUES ('323c816d-f716-489c-86fb-c0d324ffdf2c','0257c17f-7552-4d48-a809-36761263a4c4','LCOMM',5);
INSERT INTO diagnostic_responses (diagnostic_id,rater_id,question_code,score) VALUES ('323c816d-f716-489c-86fb-c0d324ffdf2c','0257c17f-7552-4d48-a809-36761263a4c4','LCONF',4);
INSERT INTO diagnostic_responses (diagnostic_id,rater_id,question_code,score) VALUES ('323c816d-f716-489c-86fb-c0d324ffdf2c','0257c17f-7552-4d48-a809-36761263a4c4','LINFL',4);
INSERT INTO diagnostic_responses (diagnostic_id,rater_id,question_code,score) VALUES ('323c816d-f716-489c-86fb-c0d324ffdf2c','0257c17f-7552-4d48-a809-36761263a4c4','LDEV',4);
INSERT INTO diagnostic_responses (diagnostic_id,rater_id,question_code,score) VALUES ('323c816d-f716-489c-86fb-c0d324ffdf2c','0257c17f-7552-4d48-a809-36761263a4c4','LSELF',5);
INSERT INTO diagnostic_responses (diagnostic_id,rater_id,question_code,score) VALUES ('323c816d-f716-489c-86fb-c0d324ffdf2c','0257c17f-7552-4d48-a809-36761263a4c4','LSTRAT',4);
INSERT INTO diagnostic_responses (diagnostic_id,rater_id,question_code,score) VALUES ('323c816d-f716-489c-86fb-c0d324ffdf2c','0257c17f-7552-4d48-a809-36761263a4c4','LCOLLAB',5);
INSERT INTO diagnostic_responses (diagnostic_id,rater_id,question_code,score) VALUES ('323c816d-f716-489c-86fb-c0d324ffdf2c','0257c17f-7552-4d48-a809-36761263a4c4','LACCT',5);
INSERT INTO diagnostic_responses (diagnostic_id,rater_id,question_code,score) VALUES ('323c816d-f716-489c-86fb-c0d324ffdf2c','0257c17f-7552-4d48-a809-36761263a4c4','LEXPECT',5);
INSERT INTO diagnostic_responses (diagnostic_id,rater_id,question_code,score) VALUES ('323c816d-f716-489c-86fb-c0d324ffdf2c','0257c17f-7552-4d48-a809-36761263a4c4','LCRISIS',5);
INSERT INTO diagnostic_responses (diagnostic_id,rater_id,question_code,score) VALUES ('323c816d-f716-489c-86fb-c0d324ffdf2c','0257c17f-7552-4d48-a809-36761263a4c4','LINSPIRE',5);
INSERT INTO diagnostic_responses (diagnostic_id,rater_id,question_code,score) VALUES ('323c816d-f716-489c-86fb-c0d324ffdf2c','0257c17f-7552-4d48-a809-36761263a4c4','LRELAT',5);
INSERT INTO diagnostic_responses (diagnostic_id,rater_id,question_code,score) VALUES ('323c816d-f716-489c-86fb-c0d324ffdf2c','0257c17f-7552-4d48-a809-36761263a4c4','D1',9);
INSERT INTO diagnostic_responses (diagnostic_id,rater_id,question_code,text_response) VALUES ('323c816d-f716-489c-86fb-c0d324ffdf2c','0257c17f-7552-4d48-a809-36761263a4c4','LSTART_TRUST','Steve is consistent and dependable. He also knows his job well. I''m not sure what else he can do to build greater trust.');
INSERT INTO diagnostic_responses (diagnostic_id,rater_id,question_code,text_response) VALUES ('323c816d-f716-489c-86fb-c0d324ffdf2c','0257c17f-7552-4d48-a809-36761263a4c4','LSTOP_INIT','Perhaps he can reduce the number of projects he works on.');
INSERT INTO diagnostic_responses (diagnostic_id,rater_id,question_code,text_response) VALUES ('323c816d-f716-489c-86fb-c0d324ffdf2c','0257c17f-7552-4d48-a809-36761263a4c4','LCONT_PROD','Providing clear instruction and opportunities for help.');
INSERT INTO diagnostic_responses (diagnostic_id,rater_id,question_code,text_response) VALUES ('323c816d-f716-489c-86fb-c0d324ffdf2c','0257c17f-7552-4d48-a809-36761263a4c4','LSTOP_COMM','Steve has an effective communication style. No changes required.');
INSERT INTO diagnostic_responses (diagnostic_id,rater_id,question_code,text_response) VALUES ('323c816d-f716-489c-86fb-c0d324ffdf2c','0257c17f-7552-4d48-a809-36761263a4c4','LCREATIVE','The structure of the Department''s accreditation reporting framework.');
INSERT INTO diagnostic_responses (diagnostic_id,rater_id,question_code,text_response) VALUES ('323c816d-f716-489c-86fb-c0d324ffdf2c','0257c17f-7552-4d48-a809-36761263a4c4','LSTART_IMPACT','Focus on high-level priorities for the agency.');
INSERT INTO diagnostic_responses (diagnostic_id,rater_id,question_code,text_response) VALUES ('323c816d-f716-489c-86fb-c0d324ffdf2c','0257c17f-7552-4d48-a809-36761263a4c4','LSTOP_IMPACT','Steve has a tendency to take on a lot of work. I think it stems from a desire to help everyone. I think learning to say no sometimes would prove beneficial.');
INSERT INTO diagnostic_responses (diagnostic_id,rater_id,question_code,text_response) VALUES ('323c816d-f716-489c-86fb-c0d324ffdf2c','0257c17f-7552-4d48-a809-36761263a4c4','LCONT_IMPACT','Collaborating with others and maintaining a desire for constant improvement.');
INSERT INTO diagnostic_responses (diagnostic_id,rater_id,question_code,text_response) VALUES ('323c816d-f716-489c-86fb-c0d324ffdf2c','0257c17f-7552-4d48-a809-36761263a4c4','LDESCRIBE','Dependable, personable, collaborative, and intelligent.');
INSERT INTO diagnostic_raters (id,diagnostic_id,name,email,relationship,is_self,completed_at,created_at) VALUES ('71be96ca-f9ce-4400-beca-1dee971a7c78','323c816d-f716-489c-86fb-c0d324ffdf2c','Jed Duggan','jed.duggan@ped.nm.gov','Peer',false,'2025-04-26T00:00:00Z','2025-04-26T00:00:00Z');
INSERT INTO diagnostic_responses (diagnostic_id,rater_id,question_code,score) VALUES ('323c816d-f716-489c-86fb-c0d324ffdf2c','71be96ca-f9ce-4400-beca-1dee971a7c78','A1',5);
INSERT INTO diagnostic_responses (diagnostic_id,rater_id,question_code,score) VALUES ('323c816d-f716-489c-86fb-c0d324ffdf2c','71be96ca-f9ce-4400-beca-1dee971a7c78','B1',5);
INSERT INTO diagnostic_responses (diagnostic_id,rater_id,question_code,score) VALUES ('323c816d-f716-489c-86fb-c0d324ffdf2c','71be96ca-f9ce-4400-beca-1dee971a7c78','B2',5);
INSERT INTO diagnostic_responses (diagnostic_id,rater_id,question_code,score) VALUES ('323c816d-f716-489c-86fb-c0d324ffdf2c','71be96ca-f9ce-4400-beca-1dee971a7c78','B3',5);
INSERT INTO diagnostic_responses (diagnostic_id,rater_id,question_code,score) VALUES ('323c816d-f716-489c-86fb-c0d324ffdf2c','71be96ca-f9ce-4400-beca-1dee971a7c78','C1',5);
INSERT INTO diagnostic_responses (diagnostic_id,rater_id,question_code,score) VALUES ('323c816d-f716-489c-86fb-c0d324ffdf2c','71be96ca-f9ce-4400-beca-1dee971a7c78','C2',5);
INSERT INTO diagnostic_responses (diagnostic_id,rater_id,question_code,score) VALUES ('323c816d-f716-489c-86fb-c0d324ffdf2c','71be96ca-f9ce-4400-beca-1dee971a7c78','C3',5);
INSERT INTO diagnostic_responses (diagnostic_id,rater_id,question_code,score) VALUES ('323c816d-f716-489c-86fb-c0d324ffdf2c','71be96ca-f9ce-4400-beca-1dee971a7c78','LCOMM',5);
INSERT INTO diagnostic_responses (diagnostic_id,rater_id,question_code,score) VALUES ('323c816d-f716-489c-86fb-c0d324ffdf2c','71be96ca-f9ce-4400-beca-1dee971a7c78','LCONF',5);
INSERT INTO diagnostic_responses (diagnostic_id,rater_id,question_code,score) VALUES ('323c816d-f716-489c-86fb-c0d324ffdf2c','71be96ca-f9ce-4400-beca-1dee971a7c78','LINFL',5);
INSERT INTO diagnostic_responses (diagnostic_id,rater_id,question_code,score) VALUES ('323c816d-f716-489c-86fb-c0d324ffdf2c','71be96ca-f9ce-4400-beca-1dee971a7c78','LDEV',5);
INSERT INTO diagnostic_responses (diagnostic_id,rater_id,question_code,score) VALUES ('323c816d-f716-489c-86fb-c0d324ffdf2c','71be96ca-f9ce-4400-beca-1dee971a7c78','LSELF',5);
INSERT INTO diagnostic_responses (diagnostic_id,rater_id,question_code,score) VALUES ('323c816d-f716-489c-86fb-c0d324ffdf2c','71be96ca-f9ce-4400-beca-1dee971a7c78','LSTRAT',5);
INSERT INTO diagnostic_responses (diagnostic_id,rater_id,question_code,score) VALUES ('323c816d-f716-489c-86fb-c0d324ffdf2c','71be96ca-f9ce-4400-beca-1dee971a7c78','LCOLLAB',5);
INSERT INTO diagnostic_responses (diagnostic_id,rater_id,question_code,score) VALUES ('323c816d-f716-489c-86fb-c0d324ffdf2c','71be96ca-f9ce-4400-beca-1dee971a7c78','LACCT',5);
INSERT INTO diagnostic_responses (diagnostic_id,rater_id,question_code,score) VALUES ('323c816d-f716-489c-86fb-c0d324ffdf2c','71be96ca-f9ce-4400-beca-1dee971a7c78','LEXPECT',4);
INSERT INTO diagnostic_responses (diagnostic_id,rater_id,question_code,score) VALUES ('323c816d-f716-489c-86fb-c0d324ffdf2c','71be96ca-f9ce-4400-beca-1dee971a7c78','LCRISIS',5);
INSERT INTO diagnostic_responses (diagnostic_id,rater_id,question_code,score) VALUES ('323c816d-f716-489c-86fb-c0d324ffdf2c','71be96ca-f9ce-4400-beca-1dee971a7c78','LINSPIRE',5);
INSERT INTO diagnostic_responses (diagnostic_id,rater_id,question_code,score) VALUES ('323c816d-f716-489c-86fb-c0d324ffdf2c','71be96ca-f9ce-4400-beca-1dee971a7c78','LRELAT',5);
INSERT INTO diagnostic_responses (diagnostic_id,rater_id,question_code,score) VALUES ('323c816d-f716-489c-86fb-c0d324ffdf2c','71be96ca-f9ce-4400-beca-1dee971a7c78','D1',10);
INSERT INTO diagnostic_responses (diagnostic_id,rater_id,question_code,text_response) VALUES ('323c816d-f716-489c-86fb-c0d324ffdf2c','71be96ca-f9ce-4400-beca-1dee971a7c78','LSTART_TRUST','Steven is assertive and has a great vision for projects. He builds strong relationships which is key to trust. I wouldn''t give him a suggestion as much as I would say to continue building relationships with peers.');
INSERT INTO diagnostic_responses (diagnostic_id,rater_id,question_code,text_response) VALUES ('323c816d-f716-489c-86fb-c0d324ffdf2c','71be96ca-f9ce-4400-beca-1dee971a7c78','LSTOP_INIT','Steven is very open to feedback. His vision is strong for projects. My only suggestion would be to wait for feedback from others prior to sharing thoughts.');
INSERT INTO diagnostic_responses (diagnostic_id,rater_id,question_code,text_response) VALUES ('323c816d-f716-489c-86fb-c0d324ffdf2c','71be96ca-f9ce-4400-beca-1dee971a7c78','LCONT_PROD','Building relationships and keeping the positive attitude which he has already shared.');
INSERT INTO diagnostic_responses (diagnostic_id,rater_id,question_code,text_response) VALUES ('323c816d-f716-489c-86fb-c0d324ffdf2c','71be96ca-f9ce-4400-beca-1dee971a7c78','LSTOP_COMM','I don''t think there is anything Steven should stop. He has a great system and has a project management approach which is very helpful in completing big projects.');
INSERT INTO diagnostic_responses (diagnostic_id,rater_id,question_code,text_response) VALUES ('323c816d-f716-489c-86fb-c0d324ffdf2c','71be96ca-f9ce-4400-beca-1dee971a7c78','LCREATIVE','Steven always has a very strong and tangible vision for peers. I find this very valuable as I tend to be in the abstract so working with Steven helps to define some of the broader ideas that I contribute.');
INSERT INTO diagnostic_responses (diagnostic_id,rater_id,question_code,text_response) VALUES ('323c816d-f716-489c-86fb-c0d324ffdf2c','71be96ca-f9ce-4400-beca-1dee971a7c78','LSTART_IMPACT','I think continuing to grow in current areas of strength.');
INSERT INTO diagnostic_responses (diagnostic_id,rater_id,question_code,text_response) VALUES ('323c816d-f716-489c-86fb-c0d324ffdf2c','71be96ca-f9ce-4400-beca-1dee971a7c78','LSTOP_IMPACT','The only thing that I can suggest is that there are a lot of projects and sometimes capacity can be limited.');
INSERT INTO diagnostic_responses (diagnostic_id,rater_id,question_code,text_response) VALUES ('323c816d-f716-489c-86fb-c0d324ffdf2c','71be96ca-f9ce-4400-beca-1dee971a7c78','LCONT_IMPACT','Building relationships and sharing a clear and tangible vision for projects.');
INSERT INTO diagnostic_responses (diagnostic_id,rater_id,question_code,text_response) VALUES ('323c816d-f716-489c-86fb-c0d324ffdf2c','71be96ca-f9ce-4400-beca-1dee971a7c78','LDESCRIBE','Extremely bright, easy and enjoyable to work with, a real team player.');
INSERT INTO diagnostic_raters (id,diagnostic_id,name,email,relationship,is_self,completed_at,created_at) VALUES ('d842b350-182e-4984-b7ea-ce987ce5aab6','323c816d-f716-489c-86fb-c0d324ffdf2c','denise terrazas','denise.terrazas@ped.nm.gov','Peer',false,'2025-04-26T00:00:00Z','2025-04-26T00:00:00Z');
INSERT INTO diagnostic_responses (diagnostic_id,rater_id,question_code,score) VALUES ('323c816d-f716-489c-86fb-c0d324ffdf2c','d842b350-182e-4984-b7ea-ce987ce5aab6','A1',4);
INSERT INTO diagnostic_responses (diagnostic_id,rater_id,question_code,score) VALUES ('323c816d-f716-489c-86fb-c0d324ffdf2c','d842b350-182e-4984-b7ea-ce987ce5aab6','B1',5);
INSERT INTO diagnostic_responses (diagnostic_id,rater_id,question_code,score) VALUES ('323c816d-f716-489c-86fb-c0d324ffdf2c','d842b350-182e-4984-b7ea-ce987ce5aab6','B2',5);
INSERT INTO diagnostic_responses (diagnostic_id,rater_id,question_code,score) VALUES ('323c816d-f716-489c-86fb-c0d324ffdf2c','d842b350-182e-4984-b7ea-ce987ce5aab6','B3',3);
INSERT INTO diagnostic_responses (diagnostic_id,rater_id,question_code,score) VALUES ('323c816d-f716-489c-86fb-c0d324ffdf2c','d842b350-182e-4984-b7ea-ce987ce5aab6','C1',3);
INSERT INTO diagnostic_responses (diagnostic_id,rater_id,question_code,score) VALUES ('323c816d-f716-489c-86fb-c0d324ffdf2c','d842b350-182e-4984-b7ea-ce987ce5aab6','C2',3);
INSERT INTO diagnostic_responses (diagnostic_id,rater_id,question_code,score) VALUES ('323c816d-f716-489c-86fb-c0d324ffdf2c','d842b350-182e-4984-b7ea-ce987ce5aab6','C3',3);
INSERT INTO diagnostic_responses (diagnostic_id,rater_id,question_code,score) VALUES ('323c816d-f716-489c-86fb-c0d324ffdf2c','d842b350-182e-4984-b7ea-ce987ce5aab6','LCOMM',4);
INSERT INTO diagnostic_responses (diagnostic_id,rater_id,question_code,score) VALUES ('323c816d-f716-489c-86fb-c0d324ffdf2c','d842b350-182e-4984-b7ea-ce987ce5aab6','LCONF',3);
INSERT INTO diagnostic_responses (diagnostic_id,rater_id,question_code,score) VALUES ('323c816d-f716-489c-86fb-c0d324ffdf2c','d842b350-182e-4984-b7ea-ce987ce5aab6','LINFL',4);
INSERT INTO diagnostic_responses (diagnostic_id,rater_id,question_code,score) VALUES ('323c816d-f716-489c-86fb-c0d324ffdf2c','d842b350-182e-4984-b7ea-ce987ce5aab6','LDEV',3);
INSERT INTO diagnostic_responses (diagnostic_id,rater_id,question_code,score) VALUES ('323c816d-f716-489c-86fb-c0d324ffdf2c','d842b350-182e-4984-b7ea-ce987ce5aab6','LSELF',4);
INSERT INTO diagnostic_responses (diagnostic_id,rater_id,question_code,score) VALUES ('323c816d-f716-489c-86fb-c0d324ffdf2c','d842b350-182e-4984-b7ea-ce987ce5aab6','LSTRAT',3);
INSERT INTO diagnostic_responses (diagnostic_id,rater_id,question_code,score) VALUES ('323c816d-f716-489c-86fb-c0d324ffdf2c','d842b350-182e-4984-b7ea-ce987ce5aab6','LCOLLAB',3);
INSERT INTO diagnostic_responses (diagnostic_id,rater_id,question_code,score) VALUES ('323c816d-f716-489c-86fb-c0d324ffdf2c','d842b350-182e-4984-b7ea-ce987ce5aab6','LACCT',3);
INSERT INTO diagnostic_responses (diagnostic_id,rater_id,question_code,score) VALUES ('323c816d-f716-489c-86fb-c0d324ffdf2c','d842b350-182e-4984-b7ea-ce987ce5aab6','LEXPECT',3);
INSERT INTO diagnostic_responses (diagnostic_id,rater_id,question_code,score) VALUES ('323c816d-f716-489c-86fb-c0d324ffdf2c','d842b350-182e-4984-b7ea-ce987ce5aab6','LCRISIS',3);
INSERT INTO diagnostic_responses (diagnostic_id,rater_id,question_code,score) VALUES ('323c816d-f716-489c-86fb-c0d324ffdf2c','d842b350-182e-4984-b7ea-ce987ce5aab6','LINSPIRE',4);
INSERT INTO diagnostic_responses (diagnostic_id,rater_id,question_code,score) VALUES ('323c816d-f716-489c-86fb-c0d324ffdf2c','d842b350-182e-4984-b7ea-ce987ce5aab6','LRELAT',3);
INSERT INTO diagnostic_responses (diagnostic_id,rater_id,question_code,score) VALUES ('323c816d-f716-489c-86fb-c0d324ffdf2c','d842b350-182e-4984-b7ea-ce987ce5aab6','D1',10);
INSERT INTO diagnostic_responses (diagnostic_id,rater_id,question_code,text_response) VALUES ('323c816d-f716-489c-86fb-c0d324ffdf2c','d842b350-182e-4984-b7ea-ce987ce5aab6','LSTART_TRUST','I do not work with the leader as closely as I used to, so my advice may no longer apply. That said, I think the leader may benefit from slowing down when explaining things to people, understanding others are at different levels, and using that as an opportunity to connect with colleagues and team members.');
INSERT INTO diagnostic_responses (diagnostic_id,rater_id,question_code,text_response) VALUES ('323c816d-f716-489c-86fb-c0d324ffdf2c','d842b350-182e-4984-b7ea-ce987ce5aab6','LSTOP_INIT','For 5, I really do not know whether he does this or not, so my rating reflects N/A. For this question, I wonder if he could be better with delegating; though this is also an area I am unsure about.');
INSERT INTO diagnostic_responses (diagnostic_id,rater_id,question_code,text_response) VALUES ('323c816d-f716-489c-86fb-c0d324ffdf2c','d842b350-182e-4984-b7ea-ce987ce5aab6','LCONT_PROD','7-9 are the same questions and my answers reflects N/A. For this question, I want to highlight that the leader is naturally charismatic. While he is humble most of the time, I can see how his confidence may appear as arrogance to others. I do not believe the leader is arrogant because I had the wonderful opportunity to work with him for so long, and he is passionate about his work; but I can see how he may come off differently to others who do not know him or know that he means well.');
INSERT INTO diagnostic_responses (diagnostic_id,rater_id,question_code,text_response) VALUES ('323c816d-f716-489c-86fb-c0d324ffdf2c','d842b350-182e-4984-b7ea-ce987ce5aab6','LSTOP_COMM','I was recently in a meeting where someone said that we would benefit from the leader explaining something in the leader''s way of explaining because he does well with that. I think there is room for improvement, though, as I have seen when he does not display his best self, perhaps because those he was explaining to were not following *at all,* making for a difficult or frustrating conversation. Still, I think that it is in those precise times that I *know* the leader can use his charm and humility to connect with those folks; instead of becoming seemingly frustrated, he can use that opportunity to build trust with those who do not understand.');
INSERT INTO diagnostic_responses (diagnostic_id,rater_id,question_code,text_response) VALUES ('323c816d-f716-489c-86fb-c0d324ffdf2c','d842b350-182e-4984-b7ea-ce987ce5aab6','LCREATIVE','This leader has thought about creative ways in which we can use or maximize existing systems to achieve a goal (rather than creating something new). This leader''s work with accreditation has been significant for the agency, and will continue to be significant. It was his initiative, drive, and passion that made it what it is today, despite the system facing certain hurdles at times.');
INSERT INTO diagnostic_responses (diagnostic_id,rater_id,question_code,text_response) VALUES ('323c816d-f716-489c-86fb-c0d324ffdf2c','d842b350-182e-4984-b7ea-ce987ce5aab6','LSTART_IMPACT','This leader may consider "reading the room" to see how people are doing, if they know the why, and seeing how he can help them get there. (He has done this; I have seen him do this. Maybe being more intentional about it for all meetings would help.)');
INSERT INTO diagnostic_responses (diagnostic_id,rater_id,question_code,text_response) VALUES ('323c816d-f716-489c-86fb-c0d324ffdf2c','d842b350-182e-4984-b7ea-ce987ce5aab6','LSTOP_IMPACT','I am not sure I have an answer here outside of what I shared before. This leader may consider not "hurrying" through meetings or assignments.');
INSERT INTO diagnostic_responses (diagnostic_id,rater_id,question_code,text_response) VALUES ('323c816d-f716-489c-86fb-c0d324ffdf2c','d842b350-182e-4984-b7ea-ce987ce5aab6','LCONT_IMPACT','This leader may consider continuing to check in with people before or after meetings just to see how they''re doing. It goes a long way when he leader does this.');
INSERT INTO diagnostic_responses (diagnostic_id,rater_id,question_code,text_response) VALUES ('323c816d-f716-489c-86fb-c0d324ffdf2c','d842b350-182e-4984-b7ea-ce987ce5aab6','LDESCRIBE','Wonderful, driven, caring, funny, very smart. If you want something done, and you want it done well, with maybe a few dad jokes here and there along the way, then Steve''s your person.');
INSERT INTO diagnostic_raters (id,diagnostic_id,name,email,relationship,is_self,completed_at,created_at) VALUES ('7b347886-8f7d-4009-b57e-2bdba5704d05','323c816d-f716-489c-86fb-c0d324ffdf2c','David Vincent','david.vincent@ped.nm.gov','Peer',false,'2025-04-26T00:00:00Z','2025-04-26T00:00:00Z');
INSERT INTO diagnostic_responses (diagnostic_id,rater_id,question_code,score) VALUES ('323c816d-f716-489c-86fb-c0d324ffdf2c','7b347886-8f7d-4009-b57e-2bdba5704d05','A1',5);
INSERT INTO diagnostic_responses (diagnostic_id,rater_id,question_code,score) VALUES ('323c816d-f716-489c-86fb-c0d324ffdf2c','7b347886-8f7d-4009-b57e-2bdba5704d05','B1',4);
INSERT INTO diagnostic_responses (diagnostic_id,rater_id,question_code,score) VALUES ('323c816d-f716-489c-86fb-c0d324ffdf2c','7b347886-8f7d-4009-b57e-2bdba5704d05','B2',5);
INSERT INTO diagnostic_responses (diagnostic_id,rater_id,question_code,score) VALUES ('323c816d-f716-489c-86fb-c0d324ffdf2c','7b347886-8f7d-4009-b57e-2bdba5704d05','B3',3);
INSERT INTO diagnostic_responses (diagnostic_id,rater_id,question_code,score) VALUES ('323c816d-f716-489c-86fb-c0d324ffdf2c','7b347886-8f7d-4009-b57e-2bdba5704d05','C1',4);
INSERT INTO diagnostic_responses (diagnostic_id,rater_id,question_code,score) VALUES ('323c816d-f716-489c-86fb-c0d324ffdf2c','7b347886-8f7d-4009-b57e-2bdba5704d05','C2',4);
INSERT INTO diagnostic_responses (diagnostic_id,rater_id,question_code,score) VALUES ('323c816d-f716-489c-86fb-c0d324ffdf2c','7b347886-8f7d-4009-b57e-2bdba5704d05','C3',4);
INSERT INTO diagnostic_responses (diagnostic_id,rater_id,question_code,score) VALUES ('323c816d-f716-489c-86fb-c0d324ffdf2c','7b347886-8f7d-4009-b57e-2bdba5704d05','LCOMM',4);
INSERT INTO diagnostic_responses (diagnostic_id,rater_id,question_code,score) VALUES ('323c816d-f716-489c-86fb-c0d324ffdf2c','7b347886-8f7d-4009-b57e-2bdba5704d05','LCONF',3);
INSERT INTO diagnostic_responses (diagnostic_id,rater_id,question_code,score) VALUES ('323c816d-f716-489c-86fb-c0d324ffdf2c','7b347886-8f7d-4009-b57e-2bdba5704d05','LINFL',4);
INSERT INTO diagnostic_responses (diagnostic_id,rater_id,question_code,score) VALUES ('323c816d-f716-489c-86fb-c0d324ffdf2c','7b347886-8f7d-4009-b57e-2bdba5704d05','LDEV',4);
INSERT INTO diagnostic_responses (diagnostic_id,rater_id,question_code,score) VALUES ('323c816d-f716-489c-86fb-c0d324ffdf2c','7b347886-8f7d-4009-b57e-2bdba5704d05','LSELF',4);
INSERT INTO diagnostic_responses (diagnostic_id,rater_id,question_code,score) VALUES ('323c816d-f716-489c-86fb-c0d324ffdf2c','7b347886-8f7d-4009-b57e-2bdba5704d05','LSTRAT',3);
INSERT INTO diagnostic_responses (diagnostic_id,rater_id,question_code,score) VALUES ('323c816d-f716-489c-86fb-c0d324ffdf2c','7b347886-8f7d-4009-b57e-2bdba5704d05','LCOLLAB',4);
INSERT INTO diagnostic_responses (diagnostic_id,rater_id,question_code,score) VALUES ('323c816d-f716-489c-86fb-c0d324ffdf2c','7b347886-8f7d-4009-b57e-2bdba5704d05','LACCT',4);
INSERT INTO diagnostic_responses (diagnostic_id,rater_id,question_code,score) VALUES ('323c816d-f716-489c-86fb-c0d324ffdf2c','7b347886-8f7d-4009-b57e-2bdba5704d05','LEXPECT',4);
INSERT INTO diagnostic_responses (diagnostic_id,rater_id,question_code,score) VALUES ('323c816d-f716-489c-86fb-c0d324ffdf2c','7b347886-8f7d-4009-b57e-2bdba5704d05','LCRISIS',3);
INSERT INTO diagnostic_responses (diagnostic_id,rater_id,question_code,score) VALUES ('323c816d-f716-489c-86fb-c0d324ffdf2c','7b347886-8f7d-4009-b57e-2bdba5704d05','LINSPIRE',5);
INSERT INTO diagnostic_responses (diagnostic_id,rater_id,question_code,score) VALUES ('323c816d-f716-489c-86fb-c0d324ffdf2c','7b347886-8f7d-4009-b57e-2bdba5704d05','LRELAT',5);
INSERT INTO diagnostic_responses (diagnostic_id,rater_id,question_code,score) VALUES ('323c816d-f716-489c-86fb-c0d324ffdf2c','7b347886-8f7d-4009-b57e-2bdba5704d05','D1',8);
INSERT INTO diagnostic_responses (diagnostic_id,rater_id,question_code,text_response) VALUES ('323c816d-f716-489c-86fb-c0d324ffdf2c','7b347886-8f7d-4009-b57e-2bdba5704d05','LSTART_TRUST','Steve is very open and communicative.  Trust is not an issue.');
INSERT INTO diagnostic_responses (diagnostic_id,rater_id,question_code,text_response) VALUES ('323c816d-f716-489c-86fb-c0d324ffdf2c','7b347886-8f7d-4009-b57e-2bdba5704d05','LSTOP_INIT','n/a');
INSERT INTO diagnostic_responses (diagnostic_id,rater_id,question_code,text_response) VALUES ('323c816d-f716-489c-86fb-c0d324ffdf2c','7b347886-8f7d-4009-b57e-2bdba5704d05','LCONT_PROD','He always pushes himself.');
INSERT INTO diagnostic_responses (diagnostic_id,rater_id,question_code,text_response) VALUES ('323c816d-f716-489c-86fb-c0d324ffdf2c','7b347886-8f7d-4009-b57e-2bdba5704d05','LSTOP_COMM','n/a');
INSERT INTO diagnostic_responses (diagnostic_id,rater_id,question_code,text_response) VALUES ('323c816d-f716-489c-86fb-c0d324ffdf2c','7b347886-8f7d-4009-b57e-2bdba5704d05','LCREATIVE','School accreditation.');
INSERT INTO diagnostic_responses (diagnostic_id,rater_id,question_code,text_response) VALUES ('323c816d-f716-489c-86fb-c0d324ffdf2c','7b347886-8f7d-4009-b57e-2bdba5704d05','LSTART_IMPACT','It always help to step back and view things from a higher perspective.');
INSERT INTO diagnostic_responses (diagnostic_id,rater_id,question_code,text_response) VALUES ('323c816d-f716-489c-86fb-c0d324ffdf2c','7b347886-8f7d-4009-b57e-2bdba5704d05','LSTOP_IMPACT','Try to do less himself and not take criticism as personal.');
INSERT INTO diagnostic_responses (diagnostic_id,rater_id,question_code,text_response) VALUES ('323c816d-f716-489c-86fb-c0d324ffdf2c','7b347886-8f7d-4009-b57e-2bdba5704d05','LCONT_IMPACT','Steve has is very personable and exceeds at connecting with people.');
INSERT INTO diagnostic_responses (diagnostic_id,rater_id,question_code,text_response) VALUES ('323c816d-f716-489c-86fb-c0d324ffdf2c','7b347886-8f7d-4009-b57e-2bdba5704d05','LDESCRIBE','Steve is hard worker, solution-oriented, builds relationships and always strives to do a good job.  Company focused.');
INSERT INTO diagnostic_raters (id,diagnostic_id,name,email,relationship,is_self,completed_at,created_at) VALUES ('73c8d6f2-0cbe-409f-930f-43726cd6978b','323c816d-f716-489c-86fb-c0d324ffdf2c','Gregory Frostad','gregory.frostad@ped.nm.gov','Board / Investor',false,'2025-04-26T00:00:00Z','2025-04-26T00:00:00Z');
INSERT INTO diagnostic_responses (diagnostic_id,rater_id,question_code,score) VALUES ('323c816d-f716-489c-86fb-c0d324ffdf2c','73c8d6f2-0cbe-409f-930f-43726cd6978b','A1',4);
INSERT INTO diagnostic_responses (diagnostic_id,rater_id,question_code,score) VALUES ('323c816d-f716-489c-86fb-c0d324ffdf2c','73c8d6f2-0cbe-409f-930f-43726cd6978b','B1',5);
INSERT INTO diagnostic_responses (diagnostic_id,rater_id,question_code,score) VALUES ('323c816d-f716-489c-86fb-c0d324ffdf2c','73c8d6f2-0cbe-409f-930f-43726cd6978b','B2',4);
INSERT INTO diagnostic_responses (diagnostic_id,rater_id,question_code,score) VALUES ('323c816d-f716-489c-86fb-c0d324ffdf2c','73c8d6f2-0cbe-409f-930f-43726cd6978b','B3',5);
INSERT INTO diagnostic_responses (diagnostic_id,rater_id,question_code,score) VALUES ('323c816d-f716-489c-86fb-c0d324ffdf2c','73c8d6f2-0cbe-409f-930f-43726cd6978b','C1',5);
INSERT INTO diagnostic_responses (diagnostic_id,rater_id,question_code,score) VALUES ('323c816d-f716-489c-86fb-c0d324ffdf2c','73c8d6f2-0cbe-409f-930f-43726cd6978b','C2',5);
INSERT INTO diagnostic_responses (diagnostic_id,rater_id,question_code,score) VALUES ('323c816d-f716-489c-86fb-c0d324ffdf2c','73c8d6f2-0cbe-409f-930f-43726cd6978b','C3',5);
INSERT INTO diagnostic_responses (diagnostic_id,rater_id,question_code,score) VALUES ('323c816d-f716-489c-86fb-c0d324ffdf2c','73c8d6f2-0cbe-409f-930f-43726cd6978b','LCOMM',4);
INSERT INTO diagnostic_responses (diagnostic_id,rater_id,question_code,score) VALUES ('323c816d-f716-489c-86fb-c0d324ffdf2c','73c8d6f2-0cbe-409f-930f-43726cd6978b','LCONF',3);
INSERT INTO diagnostic_responses (diagnostic_id,rater_id,question_code,score) VALUES ('323c816d-f716-489c-86fb-c0d324ffdf2c','73c8d6f2-0cbe-409f-930f-43726cd6978b','LINFL',5);
INSERT INTO diagnostic_responses (diagnostic_id,rater_id,question_code,score) VALUES ('323c816d-f716-489c-86fb-c0d324ffdf2c','73c8d6f2-0cbe-409f-930f-43726cd6978b','LDEV',5);
INSERT INTO diagnostic_responses (diagnostic_id,rater_id,question_code,score) VALUES ('323c816d-f716-489c-86fb-c0d324ffdf2c','73c8d6f2-0cbe-409f-930f-43726cd6978b','LSELF',5);
INSERT INTO diagnostic_responses (diagnostic_id,rater_id,question_code,score) VALUES ('323c816d-f716-489c-86fb-c0d324ffdf2c','73c8d6f2-0cbe-409f-930f-43726cd6978b','LSTRAT',4);
INSERT INTO diagnostic_responses (diagnostic_id,rater_id,question_code,score) VALUES ('323c816d-f716-489c-86fb-c0d324ffdf2c','73c8d6f2-0cbe-409f-930f-43726cd6978b','LCOLLAB',4);
INSERT INTO diagnostic_responses (diagnostic_id,rater_id,question_code,score) VALUES ('323c816d-f716-489c-86fb-c0d324ffdf2c','73c8d6f2-0cbe-409f-930f-43726cd6978b','LACCT',4);
INSERT INTO diagnostic_responses (diagnostic_id,rater_id,question_code,score) VALUES ('323c816d-f716-489c-86fb-c0d324ffdf2c','73c8d6f2-0cbe-409f-930f-43726cd6978b','LEXPECT',4);
INSERT INTO diagnostic_responses (diagnostic_id,rater_id,question_code,score) VALUES ('323c816d-f716-489c-86fb-c0d324ffdf2c','73c8d6f2-0cbe-409f-930f-43726cd6978b','LCRISIS',4);
INSERT INTO diagnostic_responses (diagnostic_id,rater_id,question_code,score) VALUES ('323c816d-f716-489c-86fb-c0d324ffdf2c','73c8d6f2-0cbe-409f-930f-43726cd6978b','LINSPIRE',5);
INSERT INTO diagnostic_responses (diagnostic_id,rater_id,question_code,score) VALUES ('323c816d-f716-489c-86fb-c0d324ffdf2c','73c8d6f2-0cbe-409f-930f-43726cd6978b','LRELAT',3);
INSERT INTO diagnostic_responses (diagnostic_id,rater_id,question_code,score) VALUES ('323c816d-f716-489c-86fb-c0d324ffdf2c','73c8d6f2-0cbe-409f-930f-43726cd6978b','D1',10);
INSERT INTO diagnostic_responses (diagnostic_id,rater_id,question_code,text_response) VALUES ('323c816d-f716-489c-86fb-c0d324ffdf2c','73c8d6f2-0cbe-409f-930f-43726cd6978b','LSTART_TRUST','Demonstrating more patience and grace for those who are not as intelligent may engender more truest with the team.');
INSERT INTO diagnostic_responses (diagnostic_id,rater_id,question_code,text_response) VALUES ('323c816d-f716-489c-86fb-c0d324ffdf2c','73c8d6f2-0cbe-409f-930f-43726cd6978b','LSTOP_INIT','Consider proposing simpler solutions - stop proposing more complex solutions.');
INSERT INTO diagnostic_responses (diagnostic_id,rater_id,question_code,text_response) VALUES ('323c816d-f716-489c-86fb-c0d324ffdf2c','73c8d6f2-0cbe-409f-930f-43726cd6978b','LCONT_PROD','Thinking creatively and out of the box.');
INSERT INTO diagnostic_responses (diagnostic_id,rater_id,question_code,text_response) VALUES ('323c816d-f716-489c-86fb-c0d324ffdf2c','73c8d6f2-0cbe-409f-930f-43726cd6978b','LSTOP_COMM','Stop dismissing lesser ideas out of hand.');
INSERT INTO diagnostic_responses (diagnostic_id,rater_id,question_code,text_response) VALUES ('323c816d-f716-489c-86fb-c0d324ffdf2c','73c8d6f2-0cbe-409f-930f-43726cd6978b','LCREATIVE','Accreditation development, planning, and implementation.');
INSERT INTO diagnostic_responses (diagnostic_id,rater_id,question_code,text_response) VALUES ('323c816d-f716-489c-86fb-c0d324ffdf2c','73c8d6f2-0cbe-409f-930f-43726cd6978b','LSTART_IMPACT','Practice patience with less intelligent people.');
INSERT INTO diagnostic_responses (diagnostic_id,rater_id,question_code,text_response) VALUES ('323c816d-f716-489c-86fb-c0d324ffdf2c','73c8d6f2-0cbe-409f-930f-43726cd6978b','LSTOP_IMPACT','Stop dismissing poor quality ideas.');
INSERT INTO diagnostic_responses (diagnostic_id,rater_id,question_code,text_response) VALUES ('323c816d-f716-489c-86fb-c0d324ffdf2c','73c8d6f2-0cbe-409f-930f-43726cd6978b','LCONT_IMPACT','Thinking outside the box, idea generation.');
INSERT INTO diagnostic_responses (diagnostic_id,rater_id,question_code,text_response) VALUES ('323c816d-f716-489c-86fb-c0d324ffdf2c','73c8d6f2-0cbe-409f-930f-43726cd6978b','LDESCRIBE','Intelligent, creative, interesting, funny.');
INSERT INTO diagnostic_raters (id,diagnostic_id,name,email,relationship,is_self,completed_at,created_at) VALUES ('191a0dcf-895b-43fa-a10b-9c67e65ce9c8','323c816d-f716-489c-86fb-c0d324ffdf2c','Lawrence A Sanchez','sanchezla@beleneagles.org','Internal Partner',false,'2025-04-26T00:00:00Z','2025-04-26T00:00:00Z');
INSERT INTO diagnostic_responses (diagnostic_id,rater_id,question_code,score) VALUES ('323c816d-f716-489c-86fb-c0d324ffdf2c','191a0dcf-895b-43fa-a10b-9c67e65ce9c8','A1',5);
INSERT INTO diagnostic_responses (diagnostic_id,rater_id,question_code,score) VALUES ('323c816d-f716-489c-86fb-c0d324ffdf2c','191a0dcf-895b-43fa-a10b-9c67e65ce9c8','B1',4);
INSERT INTO diagnostic_responses (diagnostic_id,rater_id,question_code,score) VALUES ('323c816d-f716-489c-86fb-c0d324ffdf2c','191a0dcf-895b-43fa-a10b-9c67e65ce9c8','B2',4);
INSERT INTO diagnostic_responses (diagnostic_id,rater_id,question_code,score) VALUES ('323c816d-f716-489c-86fb-c0d324ffdf2c','191a0dcf-895b-43fa-a10b-9c67e65ce9c8','B3',4);
INSERT INTO diagnostic_responses (diagnostic_id,rater_id,question_code,score) VALUES ('323c816d-f716-489c-86fb-c0d324ffdf2c','191a0dcf-895b-43fa-a10b-9c67e65ce9c8','C1',4);
INSERT INTO diagnostic_responses (diagnostic_id,rater_id,question_code,score) VALUES ('323c816d-f716-489c-86fb-c0d324ffdf2c','191a0dcf-895b-43fa-a10b-9c67e65ce9c8','C2',4);
INSERT INTO diagnostic_responses (diagnostic_id,rater_id,question_code,score) VALUES ('323c816d-f716-489c-86fb-c0d324ffdf2c','191a0dcf-895b-43fa-a10b-9c67e65ce9c8','C3',4);
INSERT INTO diagnostic_responses (diagnostic_id,rater_id,question_code,score) VALUES ('323c816d-f716-489c-86fb-c0d324ffdf2c','191a0dcf-895b-43fa-a10b-9c67e65ce9c8','LCOMM',5);
INSERT INTO diagnostic_responses (diagnostic_id,rater_id,question_code,score) VALUES ('323c816d-f716-489c-86fb-c0d324ffdf2c','191a0dcf-895b-43fa-a10b-9c67e65ce9c8','LCONF',5);
INSERT INTO diagnostic_responses (diagnostic_id,rater_id,question_code,score) VALUES ('323c816d-f716-489c-86fb-c0d324ffdf2c','191a0dcf-895b-43fa-a10b-9c67e65ce9c8','LINFL',4);
INSERT INTO diagnostic_responses (diagnostic_id,rater_id,question_code,score) VALUES ('323c816d-f716-489c-86fb-c0d324ffdf2c','191a0dcf-895b-43fa-a10b-9c67e65ce9c8','LDEV',4);
INSERT INTO diagnostic_responses (diagnostic_id,rater_id,question_code,score) VALUES ('323c816d-f716-489c-86fb-c0d324ffdf2c','191a0dcf-895b-43fa-a10b-9c67e65ce9c8','LSELF',5);
INSERT INTO diagnostic_responses (diagnostic_id,rater_id,question_code,score) VALUES ('323c816d-f716-489c-86fb-c0d324ffdf2c','191a0dcf-895b-43fa-a10b-9c67e65ce9c8','LSTRAT',5);
INSERT INTO diagnostic_responses (diagnostic_id,rater_id,question_code,score) VALUES ('323c816d-f716-489c-86fb-c0d324ffdf2c','191a0dcf-895b-43fa-a10b-9c67e65ce9c8','LCOLLAB',5);
INSERT INTO diagnostic_responses (diagnostic_id,rater_id,question_code,score) VALUES ('323c816d-f716-489c-86fb-c0d324ffdf2c','191a0dcf-895b-43fa-a10b-9c67e65ce9c8','LACCT',5);
INSERT INTO diagnostic_responses (diagnostic_id,rater_id,question_code,score) VALUES ('323c816d-f716-489c-86fb-c0d324ffdf2c','191a0dcf-895b-43fa-a10b-9c67e65ce9c8','LEXPECT',4);
INSERT INTO diagnostic_responses (diagnostic_id,rater_id,question_code,score) VALUES ('323c816d-f716-489c-86fb-c0d324ffdf2c','191a0dcf-895b-43fa-a10b-9c67e65ce9c8','LCRISIS',5);
INSERT INTO diagnostic_responses (diagnostic_id,rater_id,question_code,score) VALUES ('323c816d-f716-489c-86fb-c0d324ffdf2c','191a0dcf-895b-43fa-a10b-9c67e65ce9c8','LINSPIRE',5);
INSERT INTO diagnostic_responses (diagnostic_id,rater_id,question_code,score) VALUES ('323c816d-f716-489c-86fb-c0d324ffdf2c','191a0dcf-895b-43fa-a10b-9c67e65ce9c8','LRELAT',5);
INSERT INTO diagnostic_responses (diagnostic_id,rater_id,question_code,score) VALUES ('323c816d-f716-489c-86fb-c0d324ffdf2c','191a0dcf-895b-43fa-a10b-9c67e65ce9c8','D1',9);
INSERT INTO diagnostic_responses (diagnostic_id,rater_id,question_code,text_response) VALUES ('323c816d-f716-489c-86fb-c0d324ffdf2c','191a0dcf-895b-43fa-a10b-9c67e65ce9c8','LSTART_TRUST','Ensure all members of his team completely understand what his team is accreditating via letter of the law and not spirit of the law.');
INSERT INTO diagnostic_responses (diagnostic_id,rater_id,question_code,text_response) VALUES ('323c816d-f716-489c-86fb-c0d324ffdf2c','191a0dcf-895b-43fa-a10b-9c67e65ce9c8','LSTOP_INIT','I do not engage with the leader in a manner that allows me to answer this question.');
INSERT INTO diagnostic_responses (diagnostic_id,rater_id,question_code,text_response) VALUES ('323c816d-f716-489c-86fb-c0d324ffdf2c','191a0dcf-895b-43fa-a10b-9c67e65ce9c8','LCONT_PROD','I appreciate the hubleness and authenticity that Steve displays. I always believe he is being transparent with me.');
INSERT INTO diagnostic_responses (diagnostic_id,rater_id,question_code,text_response) VALUES ('323c816d-f716-489c-86fb-c0d324ffdf2c','191a0dcf-895b-43fa-a10b-9c67e65ce9c8','LSTOP_COMM','I can''t think of anything Steve does that hampers our communication.');
INSERT INTO diagnostic_responses (diagnostic_id,rater_id,question_code,text_response) VALUES ('323c816d-f716-489c-86fb-c0d324ffdf2c','191a0dcf-895b-43fa-a10b-9c67e65ce9c8','LCREATIVE','I do not engage with Steve in a manner that provides me with the insight mecessary to answer this question.');
INSERT INTO diagnostic_responses (diagnostic_id,rater_id,question_code,text_response) VALUES ('323c816d-f716-489c-86fb-c0d324ffdf2c','191a0dcf-895b-43fa-a10b-9c67e65ce9c8','LSTART_IMPACT','Ensure all team members are expressing the same message. We sometimes get different messages depending on who we talk to.');
INSERT INTO diagnostic_responses (diagnostic_id,rater_id,question_code,text_response) VALUES ('323c816d-f716-489c-86fb-c0d324ffdf2c','191a0dcf-895b-43fa-a10b-9c67e65ce9c8','LSTOP_IMPACT','None at this time.');
INSERT INTO diagnostic_responses (diagnostic_id,rater_id,question_code,text_response) VALUES ('323c816d-f716-489c-86fb-c0d324ffdf2c','191a0dcf-895b-43fa-a10b-9c67e65ce9c8','LCONT_IMPACT','Kepp being his authentic self which includes being a good listener, practicing empathy, and timely communication.');
INSERT INTO diagnostic_responses (diagnostic_id,rater_id,question_code,text_response) VALUES ('323c816d-f716-489c-86fb-c0d324ffdf2c','191a0dcf-895b-43fa-a10b-9c67e65ce9c8','LDESCRIBE','Athentic, trustworthy, available, jelpful respnses, gracious.');
INSERT INTO diagnostic_raters (id,diagnostic_id,name,email,relationship,is_self,completed_at,created_at) VALUES ('ebf2852a-4b61-4506-af26-9f56ba9fe5d4','323c816d-f716-489c-86fb-c0d324ffdf2c','Adam Rios','adam.rios@ped.nm.gov','Direct Report',false,'2025-04-26T00:00:00Z','2025-04-26T00:00:00Z');
INSERT INTO diagnostic_responses (diagnostic_id,rater_id,question_code,score) VALUES ('323c816d-f716-489c-86fb-c0d324ffdf2c','ebf2852a-4b61-4506-af26-9f56ba9fe5d4','A1',5);
INSERT INTO diagnostic_responses (diagnostic_id,rater_id,question_code,score) VALUES ('323c816d-f716-489c-86fb-c0d324ffdf2c','ebf2852a-4b61-4506-af26-9f56ba9fe5d4','B1',4);
INSERT INTO diagnostic_responses (diagnostic_id,rater_id,question_code,score) VALUES ('323c816d-f716-489c-86fb-c0d324ffdf2c','ebf2852a-4b61-4506-af26-9f56ba9fe5d4','B2',4);
INSERT INTO diagnostic_responses (diagnostic_id,rater_id,question_code,score) VALUES ('323c816d-f716-489c-86fb-c0d324ffdf2c','ebf2852a-4b61-4506-af26-9f56ba9fe5d4','B3',3);
INSERT INTO diagnostic_responses (diagnostic_id,rater_id,question_code,score) VALUES ('323c816d-f716-489c-86fb-c0d324ffdf2c','ebf2852a-4b61-4506-af26-9f56ba9fe5d4','C1',4);
INSERT INTO diagnostic_responses (diagnostic_id,rater_id,question_code,score) VALUES ('323c816d-f716-489c-86fb-c0d324ffdf2c','ebf2852a-4b61-4506-af26-9f56ba9fe5d4','C2',4);
INSERT INTO diagnostic_responses (diagnostic_id,rater_id,question_code,score) VALUES ('323c816d-f716-489c-86fb-c0d324ffdf2c','ebf2852a-4b61-4506-af26-9f56ba9fe5d4','C3',4);
INSERT INTO diagnostic_responses (diagnostic_id,rater_id,question_code,score) VALUES ('323c816d-f716-489c-86fb-c0d324ffdf2c','ebf2852a-4b61-4506-af26-9f56ba9fe5d4','LCOMM',5);
INSERT INTO diagnostic_responses (diagnostic_id,rater_id,question_code,score) VALUES ('323c816d-f716-489c-86fb-c0d324ffdf2c','ebf2852a-4b61-4506-af26-9f56ba9fe5d4','LCONF',5);
INSERT INTO diagnostic_responses (diagnostic_id,rater_id,question_code,score) VALUES ('323c816d-f716-489c-86fb-c0d324ffdf2c','ebf2852a-4b61-4506-af26-9f56ba9fe5d4','LINFL',3);
INSERT INTO diagnostic_responses (diagnostic_id,rater_id,question_code,score) VALUES ('323c816d-f716-489c-86fb-c0d324ffdf2c','ebf2852a-4b61-4506-af26-9f56ba9fe5d4','LDEV',5);
INSERT INTO diagnostic_responses (diagnostic_id,rater_id,question_code,score) VALUES ('323c816d-f716-489c-86fb-c0d324ffdf2c','ebf2852a-4b61-4506-af26-9f56ba9fe5d4','LSELF',5);
INSERT INTO diagnostic_responses (diagnostic_id,rater_id,question_code,score) VALUES ('323c816d-f716-489c-86fb-c0d324ffdf2c','ebf2852a-4b61-4506-af26-9f56ba9fe5d4','LSTRAT',5);
INSERT INTO diagnostic_responses (diagnostic_id,rater_id,question_code,score) VALUES ('323c816d-f716-489c-86fb-c0d324ffdf2c','ebf2852a-4b61-4506-af26-9f56ba9fe5d4','LCOLLAB',5);
INSERT INTO diagnostic_responses (diagnostic_id,rater_id,question_code,score) VALUES ('323c816d-f716-489c-86fb-c0d324ffdf2c','ebf2852a-4b61-4506-af26-9f56ba9fe5d4','LACCT',5);
INSERT INTO diagnostic_responses (diagnostic_id,rater_id,question_code,score) VALUES ('323c816d-f716-489c-86fb-c0d324ffdf2c','ebf2852a-4b61-4506-af26-9f56ba9fe5d4','LEXPECT',4);
INSERT INTO diagnostic_responses (diagnostic_id,rater_id,question_code,score) VALUES ('323c816d-f716-489c-86fb-c0d324ffdf2c','ebf2852a-4b61-4506-af26-9f56ba9fe5d4','LCRISIS',4);
INSERT INTO diagnostic_responses (diagnostic_id,rater_id,question_code,score) VALUES ('323c816d-f716-489c-86fb-c0d324ffdf2c','ebf2852a-4b61-4506-af26-9f56ba9fe5d4','LINSPIRE',4);
INSERT INTO diagnostic_responses (diagnostic_id,rater_id,question_code,score) VALUES ('323c816d-f716-489c-86fb-c0d324ffdf2c','ebf2852a-4b61-4506-af26-9f56ba9fe5d4','LRELAT',5);
INSERT INTO diagnostic_responses (diagnostic_id,rater_id,question_code,score) VALUES ('323c816d-f716-489c-86fb-c0d324ffdf2c','ebf2852a-4b61-4506-af26-9f56ba9fe5d4','D1',9);
INSERT INTO diagnostic_responses (diagnostic_id,rater_id,question_code,text_response) VALUES ('323c816d-f716-489c-86fb-c0d324ffdf2c','ebf2852a-4b61-4506-af26-9f56ba9fe5d4','LSTART_TRUST','Stronger or clearer messaging of team''s mission or goals would foster more trust that team is going in the right direction.');
INSERT INTO diagnostic_responses (diagnostic_id,rater_id,question_code,text_response) VALUES ('323c816d-f716-489c-86fb-c0d324ffdf2c','ebf2852a-4b61-4506-af26-9f56ba9fe5d4','LSTOP_INIT','Leader could stop providing the solution every time so team could build capacity.');
INSERT INTO diagnostic_responses (diagnostic_id,rater_id,question_code,text_response) VALUES ('323c816d-f716-489c-86fb-c0d324ffdf2c','ebf2852a-4b61-4506-af26-9f56ba9fe5d4','LCONT_PROD','weekly one on one check-ins');
INSERT INTO diagnostic_responses (diagnostic_id,rater_id,question_code,text_response) VALUES ('323c816d-f716-489c-86fb-c0d324ffdf2c','ebf2852a-4b61-4506-af26-9f56ba9fe5d4','LSTOP_COMM','Nothing to add.');
INSERT INTO diagnostic_responses (diagnostic_id,rater_id,question_code,text_response) VALUES ('323c816d-f716-489c-86fb-c0d324ffdf2c','ebf2852a-4b61-4506-af26-9f56ba9fe5d4','LCREATIVE','Nothing comes to mind.');
INSERT INTO diagnostic_responses (diagnostic_id,rater_id,question_code,text_response) VALUES ('323c816d-f716-489c-86fb-c0d324ffdf2c','ebf2852a-4b61-4506-af26-9f56ba9fe5d4','LSTART_IMPACT','Better communication of different initiatives and how they tie in to program mission.');
INSERT INTO diagnostic_responses (diagnostic_id,rater_id,question_code,text_response) VALUES ('323c816d-f716-489c-86fb-c0d324ffdf2c','ebf2852a-4b61-4506-af26-9f56ba9fe5d4','LSTOP_IMPACT','Nothing comes to mind.');
INSERT INTO diagnostic_responses (diagnostic_id,rater_id,question_code,text_response) VALUES ('323c816d-f716-489c-86fb-c0d324ffdf2c','ebf2852a-4b61-4506-af26-9f56ba9fe5d4','LCONT_IMPACT','Trusting team to deliver their work products without micromanagement.');
INSERT INTO diagnostic_responses (diagnostic_id,rater_id,question_code,text_response) VALUES ('323c816d-f716-489c-86fb-c0d324ffdf2c','ebf2852a-4b61-4506-af26-9f56ba9fe5d4','LDESCRIBE','Very kind, great communicator, passionate about the mission');
INSERT INTO diagnostic_raters (id,diagnostic_id,name,email,relationship,is_self,completed_at,created_at) VALUES ('425a5a7a-1ab5-4ef8-9df1-f0eb25dec236','323c816d-f716-489c-86fb-c0d324ffdf2c','Kristin Swenson','kristin.swenson@ped.nm.gov','Peer',false,'2025-04-26T00:00:00Z','2025-04-26T00:00:00Z');
INSERT INTO diagnostic_responses (diagnostic_id,rater_id,question_code,score) VALUES ('323c816d-f716-489c-86fb-c0d324ffdf2c','425a5a7a-1ab5-4ef8-9df1-f0eb25dec236','A1',4);
INSERT INTO diagnostic_responses (diagnostic_id,rater_id,question_code,score) VALUES ('323c816d-f716-489c-86fb-c0d324ffdf2c','425a5a7a-1ab5-4ef8-9df1-f0eb25dec236','B1',4);
INSERT INTO diagnostic_responses (diagnostic_id,rater_id,question_code,score) VALUES ('323c816d-f716-489c-86fb-c0d324ffdf2c','425a5a7a-1ab5-4ef8-9df1-f0eb25dec236','B2',5);
INSERT INTO diagnostic_responses (diagnostic_id,rater_id,question_code,score) VALUES ('323c816d-f716-489c-86fb-c0d324ffdf2c','425a5a7a-1ab5-4ef8-9df1-f0eb25dec236','B3',4);
INSERT INTO diagnostic_responses (diagnostic_id,rater_id,question_code,score) VALUES ('323c816d-f716-489c-86fb-c0d324ffdf2c','425a5a7a-1ab5-4ef8-9df1-f0eb25dec236','C1',4);
INSERT INTO diagnostic_responses (diagnostic_id,rater_id,question_code,score) VALUES ('323c816d-f716-489c-86fb-c0d324ffdf2c','425a5a7a-1ab5-4ef8-9df1-f0eb25dec236','C2',4);
INSERT INTO diagnostic_responses (diagnostic_id,rater_id,question_code,score) VALUES ('323c816d-f716-489c-86fb-c0d324ffdf2c','425a5a7a-1ab5-4ef8-9df1-f0eb25dec236','C3',4);
INSERT INTO diagnostic_responses (diagnostic_id,rater_id,question_code,score) VALUES ('323c816d-f716-489c-86fb-c0d324ffdf2c','425a5a7a-1ab5-4ef8-9df1-f0eb25dec236','LCOMM',4);
INSERT INTO diagnostic_responses (diagnostic_id,rater_id,question_code,score) VALUES ('323c816d-f716-489c-86fb-c0d324ffdf2c','425a5a7a-1ab5-4ef8-9df1-f0eb25dec236','LCONF',4);
INSERT INTO diagnostic_responses (diagnostic_id,rater_id,question_code,score) VALUES ('323c816d-f716-489c-86fb-c0d324ffdf2c','425a5a7a-1ab5-4ef8-9df1-f0eb25dec236','LINFL',5);
INSERT INTO diagnostic_responses (diagnostic_id,rater_id,question_code,score) VALUES ('323c816d-f716-489c-86fb-c0d324ffdf2c','425a5a7a-1ab5-4ef8-9df1-f0eb25dec236','LDEV',5);
INSERT INTO diagnostic_responses (diagnostic_id,rater_id,question_code,score) VALUES ('323c816d-f716-489c-86fb-c0d324ffdf2c','425a5a7a-1ab5-4ef8-9df1-f0eb25dec236','LSELF',5);
INSERT INTO diagnostic_responses (diagnostic_id,rater_id,question_code,score) VALUES ('323c816d-f716-489c-86fb-c0d324ffdf2c','425a5a7a-1ab5-4ef8-9df1-f0eb25dec236','LSTRAT',5);
INSERT INTO diagnostic_responses (diagnostic_id,rater_id,question_code,score) VALUES ('323c816d-f716-489c-86fb-c0d324ffdf2c','425a5a7a-1ab5-4ef8-9df1-f0eb25dec236','LCOLLAB',5);
INSERT INTO diagnostic_responses (diagnostic_id,rater_id,question_code,score) VALUES ('323c816d-f716-489c-86fb-c0d324ffdf2c','425a5a7a-1ab5-4ef8-9df1-f0eb25dec236','LACCT',5);
INSERT INTO diagnostic_responses (diagnostic_id,rater_id,question_code,score) VALUES ('323c816d-f716-489c-86fb-c0d324ffdf2c','425a5a7a-1ab5-4ef8-9df1-f0eb25dec236','LEXPECT',4);
INSERT INTO diagnostic_responses (diagnostic_id,rater_id,question_code,score) VALUES ('323c816d-f716-489c-86fb-c0d324ffdf2c','425a5a7a-1ab5-4ef8-9df1-f0eb25dec236','LCRISIS',4);
INSERT INTO diagnostic_responses (diagnostic_id,rater_id,question_code,score) VALUES ('323c816d-f716-489c-86fb-c0d324ffdf2c','425a5a7a-1ab5-4ef8-9df1-f0eb25dec236','LINSPIRE',5);
INSERT INTO diagnostic_responses (diagnostic_id,rater_id,question_code,score) VALUES ('323c816d-f716-489c-86fb-c0d324ffdf2c','425a5a7a-1ab5-4ef8-9df1-f0eb25dec236','LRELAT',5);
INSERT INTO diagnostic_responses (diagnostic_id,rater_id,question_code,score) VALUES ('323c816d-f716-489c-86fb-c0d324ffdf2c','425a5a7a-1ab5-4ef8-9df1-f0eb25dec236','D1',10);
INSERT INTO diagnostic_responses (diagnostic_id,rater_id,question_code,text_response) VALUES ('323c816d-f716-489c-86fb-c0d324ffdf2c','425a5a7a-1ab5-4ef8-9df1-f0eb25dec236','LSTART_TRUST','My "north star" for trust is the Ability, Benevolence, Integrity (ABI) model. Steve does a lot to highlight the ability of those he works with. Perhaps providing more opportunities for teammates to demonstrate benevolence and integrity could foster more trust within and across teams.');
INSERT INTO diagnostic_responses (diagnostic_id,rater_id,question_code,text_response) VALUES ('323c816d-f716-489c-86fb-c0d324ffdf2c','425a5a7a-1ab5-4ef8-9df1-f0eb25dec236','LSTOP_INIT','Stop for just a moment or two more before providing summaries, next steps, or guidance. There may be people waiting to speak up but who need a minute of uncomfortable silence as "permission space" to do so.');
INSERT INTO diagnostic_responses (diagnostic_id,rater_id,question_code,text_response) VALUES ('323c816d-f716-489c-86fb-c0d324ffdf2c','425a5a7a-1ab5-4ef8-9df1-f0eb25dec236','LCONT_PROD','Continue to encourage communication among team members.');
INSERT INTO diagnostic_responses (diagnostic_id,rater_id,question_code,text_response) VALUES ('323c816d-f716-489c-86fb-c0d324ffdf2c','425a5a7a-1ab5-4ef8-9df1-f0eb25dec236','LSTOP_COMM','"stops" are hard because it is more subtle than that - but I think more clearly defining roles and responsibilities of team members would be useful. So maybe stop assuming that these things are understood or well defined.');
INSERT INTO diagnostic_responses (diagnostic_id,rater_id,question_code,text_response) VALUES ('323c816d-f716-489c-86fb-c0d324ffdf2c','425a5a7a-1ab5-4ef8-9df1-f0eb25dec236','LCREATIVE','DAWGs is a creative an fun name and the sessions have been great. The diverse topics of conversation keep people from different sectors engaged.');
INSERT INTO diagnostic_responses (diagnostic_id,rater_id,question_code,text_response) VALUES ('323c816d-f716-489c-86fb-c0d324ffdf2c','425a5a7a-1ab5-4ef8-9df1-f0eb25dec236','LSTART_IMPACT','Blow his own horn a little more. Share more about his areas of expertise and the outcomes of his projects.');
INSERT INTO diagnostic_responses (diagnostic_id,rater_id,question_code,text_response) VALUES ('323c816d-f716-489c-86fb-c0d324ffdf2c','425a5a7a-1ab5-4ef8-9df1-f0eb25dec236','LSTOP_IMPACT','Stop being so good at everything so that this STOP questions become a little easier to answer. Maybe slow down a touch on to wait for emerging opinions, solutions, or concerns to surface.');
INSERT INTO diagnostic_responses (diagnostic_id,rater_id,question_code,text_response) VALUES ('323c816d-f716-489c-86fb-c0d324ffdf2c','425a5a7a-1ab5-4ef8-9df1-f0eb25dec236','LCONT_IMPACT','Building connections among team members.');
INSERT INTO diagnostic_responses (diagnostic_id,rater_id,question_code,text_response) VALUES ('323c816d-f716-489c-86fb-c0d324ffdf2c','425a5a7a-1ab5-4ef8-9df1-f0eb25dec236','LDESCRIBE','Steven is a community builder with a vison for the future.');
INSERT INTO diagnostic_raters (id,diagnostic_id,name,email,relationship,is_self,completed_at,created_at) VALUES ('0ef8392f-d28b-4148-8244-d6d82f325941','323c816d-f716-489c-86fb-c0d324ffdf2c','Happy Miller','happy.miller@rrps.net','Internal Partner',false,'2025-04-26T00:00:00Z','2025-04-26T00:00:00Z');
INSERT INTO diagnostic_responses (diagnostic_id,rater_id,question_code,score) VALUES ('323c816d-f716-489c-86fb-c0d324ffdf2c','0ef8392f-d28b-4148-8244-d6d82f325941','A1',4);
INSERT INTO diagnostic_responses (diagnostic_id,rater_id,question_code,score) VALUES ('323c816d-f716-489c-86fb-c0d324ffdf2c','0ef8392f-d28b-4148-8244-d6d82f325941','B1',4);
INSERT INTO diagnostic_responses (diagnostic_id,rater_id,question_code,score) VALUES ('323c816d-f716-489c-86fb-c0d324ffdf2c','0ef8392f-d28b-4148-8244-d6d82f325941','B2',4);
INSERT INTO diagnostic_responses (diagnostic_id,rater_id,question_code,score) VALUES ('323c816d-f716-489c-86fb-c0d324ffdf2c','0ef8392f-d28b-4148-8244-d6d82f325941','B3',5);
INSERT INTO diagnostic_responses (diagnostic_id,rater_id,question_code,score) VALUES ('323c816d-f716-489c-86fb-c0d324ffdf2c','0ef8392f-d28b-4148-8244-d6d82f325941','C1',4);
INSERT INTO diagnostic_responses (diagnostic_id,rater_id,question_code,score) VALUES ('323c816d-f716-489c-86fb-c0d324ffdf2c','0ef8392f-d28b-4148-8244-d6d82f325941','C2',4);
INSERT INTO diagnostic_responses (diagnostic_id,rater_id,question_code,score) VALUES ('323c816d-f716-489c-86fb-c0d324ffdf2c','0ef8392f-d28b-4148-8244-d6d82f325941','C3',4);
INSERT INTO diagnostic_responses (diagnostic_id,rater_id,question_code,score) VALUES ('323c816d-f716-489c-86fb-c0d324ffdf2c','0ef8392f-d28b-4148-8244-d6d82f325941','LCOMM',3);
INSERT INTO diagnostic_responses (diagnostic_id,rater_id,question_code,score) VALUES ('323c816d-f716-489c-86fb-c0d324ffdf2c','0ef8392f-d28b-4148-8244-d6d82f325941','LCONF',4);
INSERT INTO diagnostic_responses (diagnostic_id,rater_id,question_code,score) VALUES ('323c816d-f716-489c-86fb-c0d324ffdf2c','0ef8392f-d28b-4148-8244-d6d82f325941','LINFL',4);
INSERT INTO diagnostic_responses (diagnostic_id,rater_id,question_code,score) VALUES ('323c816d-f716-489c-86fb-c0d324ffdf2c','0ef8392f-d28b-4148-8244-d6d82f325941','LDEV',4);
INSERT INTO diagnostic_responses (diagnostic_id,rater_id,question_code,score) VALUES ('323c816d-f716-489c-86fb-c0d324ffdf2c','0ef8392f-d28b-4148-8244-d6d82f325941','LSELF',5);
INSERT INTO diagnostic_responses (diagnostic_id,rater_id,question_code,score) VALUES ('323c816d-f716-489c-86fb-c0d324ffdf2c','0ef8392f-d28b-4148-8244-d6d82f325941','LSTRAT',4);
INSERT INTO diagnostic_responses (diagnostic_id,rater_id,question_code,score) VALUES ('323c816d-f716-489c-86fb-c0d324ffdf2c','0ef8392f-d28b-4148-8244-d6d82f325941','LCOLLAB',4);
INSERT INTO diagnostic_responses (diagnostic_id,rater_id,question_code,score) VALUES ('323c816d-f716-489c-86fb-c0d324ffdf2c','0ef8392f-d28b-4148-8244-d6d82f325941','LACCT',4);
INSERT INTO diagnostic_responses (diagnostic_id,rater_id,question_code,score) VALUES ('323c816d-f716-489c-86fb-c0d324ffdf2c','0ef8392f-d28b-4148-8244-d6d82f325941','LEXPECT',3);
INSERT INTO diagnostic_responses (diagnostic_id,rater_id,question_code,score) VALUES ('323c816d-f716-489c-86fb-c0d324ffdf2c','0ef8392f-d28b-4148-8244-d6d82f325941','LCRISIS',4);
INSERT INTO diagnostic_responses (diagnostic_id,rater_id,question_code,score) VALUES ('323c816d-f716-489c-86fb-c0d324ffdf2c','0ef8392f-d28b-4148-8244-d6d82f325941','LINSPIRE',4);
INSERT INTO diagnostic_responses (diagnostic_id,rater_id,question_code,score) VALUES ('323c816d-f716-489c-86fb-c0d324ffdf2c','0ef8392f-d28b-4148-8244-d6d82f325941','LRELAT',4);
INSERT INTO diagnostic_responses (diagnostic_id,rater_id,question_code,score) VALUES ('323c816d-f716-489c-86fb-c0d324ffdf2c','0ef8392f-d28b-4148-8244-d6d82f325941','D1',8);
INSERT INTO diagnostic_responses (diagnostic_id,rater_id,question_code,text_response) VALUES ('323c816d-f716-489c-86fb-c0d324ffdf2c','0ef8392f-d28b-4148-8244-d6d82f325941','LSTART_TRUST','Increase his understanding of how the data is collected, managed, and communicated to the PED. This might lead to a greater understanding that districts are trying their best but there are SYSTEMIC issues that are sometimes outside of a district''s control at play as well as effort.');
INSERT INTO diagnostic_responses (diagnostic_id,rater_id,question_code,text_response) VALUES ('323c816d-f716-489c-86fb-c0d324ffdf2c','0ef8392f-d28b-4148-8244-d6d82f325941','LSTOP_INIT','Mr. Heil works with diverse stakeholders within his level and a number of districts. While I understand that working with everyone gets tricky and may lead to increased misunderstandings, communication with a new process like accreditation is extremely important and receiving feedback from all stakeholders and not just hand-picked people is important. I appreciate now having the opportunity to provide feedback but there are likely other people around the state who have relevant feedback to their situations who have not yet been provided the opportunity. So the advice would be to stop holding proposed actions so tight to the vest.');
INSERT INTO diagnostic_responses (diagnostic_id,rater_id,question_code,text_response) VALUES ('323c816d-f716-489c-86fb-c0d324ffdf2c','0ef8392f-d28b-4148-8244-d6d82f325941','LCONT_PROD','Mr. Heil should continue to respond to emails quickly and to reach out to relevant stakeholders in order to find solutions effectively.');
INSERT INTO diagnostic_responses (diagnostic_id,rater_id,question_code,text_response) VALUES ('323c816d-f716-489c-86fb-c0d324ffdf2c','0ef8392f-d28b-4148-8244-d6d82f325941','LSTOP_COMM','While this may not always be the case, Mr. Heil can start with the assumption that districts are trying their best to meet all of the statutory requirements. Inevitably not all districts meet the standards at every point in time. So the focus should be on the obstacles that districts face in meeting the requirements.');
INSERT INTO diagnostic_responses (diagnostic_id,rater_id,question_code,text_response) VALUES ('323c816d-f716-489c-86fb-c0d324ffdf2c','0ef8392f-d28b-4148-8244-d6d82f325941','LCREATIVE','I appreciate his willingness to hear feedback and work with stakeholders to develop reasonable criteria based on their contexts. He has been willing to acknowledge unintended consequences.');
INSERT INTO diagnostic_responses (diagnostic_id,rater_id,question_code,text_response) VALUES ('323c816d-f716-489c-86fb-c0d324ffdf2c','0ef8392f-d28b-4148-8244-d6d82f325941','LSTART_IMPACT','See prior answers.');
INSERT INTO diagnostic_responses (diagnostic_id,rater_id,question_code,text_response) VALUES ('323c816d-f716-489c-86fb-c0d324ffdf2c','0ef8392f-d28b-4148-8244-d6d82f325941','LSTOP_IMPACT','See prior answers.');
INSERT INTO diagnostic_responses (diagnostic_id,rater_id,question_code,text_response) VALUES ('323c816d-f716-489c-86fb-c0d324ffdf2c','0ef8392f-d28b-4148-8244-d6d82f325941','LCONT_IMPACT','See prior answers.');
INSERT INTO diagnostic_responses (diagnostic_id,rater_id,question_code,text_response) VALUES ('323c816d-f716-489c-86fb-c0d324ffdf2c','0ef8392f-d28b-4148-8244-d6d82f325941','LDESCRIBE','Still learning how various systems work but willing to learn.');
INSERT INTO diagnostic_raters (id,diagnostic_id,name,email,relationship,is_self,completed_at,created_at) VALUES ('3e21ad0a-b8dd-49ec-8e79-db5da063eb7a','323c816d-f716-489c-86fb-c0d324ffdf2c','Jaclyn Roy','jaclyn.roy@ped.nm.gov','Direct Report',false,'2025-04-26T00:00:00Z','2025-04-26T00:00:00Z');
INSERT INTO diagnostic_responses (diagnostic_id,rater_id,question_code,score) VALUES ('323c816d-f716-489c-86fb-c0d324ffdf2c','3e21ad0a-b8dd-49ec-8e79-db5da063eb7a','A1',5);
INSERT INTO diagnostic_responses (diagnostic_id,rater_id,question_code,score) VALUES ('323c816d-f716-489c-86fb-c0d324ffdf2c','3e21ad0a-b8dd-49ec-8e79-db5da063eb7a','B1',5);
INSERT INTO diagnostic_responses (diagnostic_id,rater_id,question_code,score) VALUES ('323c816d-f716-489c-86fb-c0d324ffdf2c','3e21ad0a-b8dd-49ec-8e79-db5da063eb7a','B2',5);
INSERT INTO diagnostic_responses (diagnostic_id,rater_id,question_code,score) VALUES ('323c816d-f716-489c-86fb-c0d324ffdf2c','3e21ad0a-b8dd-49ec-8e79-db5da063eb7a','B3',5);
INSERT INTO diagnostic_responses (diagnostic_id,rater_id,question_code,score) VALUES ('323c816d-f716-489c-86fb-c0d324ffdf2c','3e21ad0a-b8dd-49ec-8e79-db5da063eb7a','C1',5);
INSERT INTO diagnostic_responses (diagnostic_id,rater_id,question_code,score) VALUES ('323c816d-f716-489c-86fb-c0d324ffdf2c','3e21ad0a-b8dd-49ec-8e79-db5da063eb7a','C2',5);
INSERT INTO diagnostic_responses (diagnostic_id,rater_id,question_code,score) VALUES ('323c816d-f716-489c-86fb-c0d324ffdf2c','3e21ad0a-b8dd-49ec-8e79-db5da063eb7a','C3',5);
INSERT INTO diagnostic_responses (diagnostic_id,rater_id,question_code,score) VALUES ('323c816d-f716-489c-86fb-c0d324ffdf2c','3e21ad0a-b8dd-49ec-8e79-db5da063eb7a','LCOMM',5);
INSERT INTO diagnostic_responses (diagnostic_id,rater_id,question_code,score) VALUES ('323c816d-f716-489c-86fb-c0d324ffdf2c','3e21ad0a-b8dd-49ec-8e79-db5da063eb7a','LCONF',5);
INSERT INTO diagnostic_responses (diagnostic_id,rater_id,question_code,score) VALUES ('323c816d-f716-489c-86fb-c0d324ffdf2c','3e21ad0a-b8dd-49ec-8e79-db5da063eb7a','LINFL',5);
INSERT INTO diagnostic_responses (diagnostic_id,rater_id,question_code,score) VALUES ('323c816d-f716-489c-86fb-c0d324ffdf2c','3e21ad0a-b8dd-49ec-8e79-db5da063eb7a','LDEV',5);
INSERT INTO diagnostic_responses (diagnostic_id,rater_id,question_code,score) VALUES ('323c816d-f716-489c-86fb-c0d324ffdf2c','3e21ad0a-b8dd-49ec-8e79-db5da063eb7a','LSELF',5);
INSERT INTO diagnostic_responses (diagnostic_id,rater_id,question_code,score) VALUES ('323c816d-f716-489c-86fb-c0d324ffdf2c','3e21ad0a-b8dd-49ec-8e79-db5da063eb7a','LSTRAT',5);
INSERT INTO diagnostic_responses (diagnostic_id,rater_id,question_code,score) VALUES ('323c816d-f716-489c-86fb-c0d324ffdf2c','3e21ad0a-b8dd-49ec-8e79-db5da063eb7a','LCOLLAB',5);
INSERT INTO diagnostic_responses (diagnostic_id,rater_id,question_code,score) VALUES ('323c816d-f716-489c-86fb-c0d324ffdf2c','3e21ad0a-b8dd-49ec-8e79-db5da063eb7a','LACCT',5);
INSERT INTO diagnostic_responses (diagnostic_id,rater_id,question_code,score) VALUES ('323c816d-f716-489c-86fb-c0d324ffdf2c','3e21ad0a-b8dd-49ec-8e79-db5da063eb7a','LEXPECT',5);
INSERT INTO diagnostic_responses (diagnostic_id,rater_id,question_code,score) VALUES ('323c816d-f716-489c-86fb-c0d324ffdf2c','3e21ad0a-b8dd-49ec-8e79-db5da063eb7a','LCRISIS',5);
INSERT INTO diagnostic_responses (diagnostic_id,rater_id,question_code,score) VALUES ('323c816d-f716-489c-86fb-c0d324ffdf2c','3e21ad0a-b8dd-49ec-8e79-db5da063eb7a','LINSPIRE',5);
INSERT INTO diagnostic_responses (diagnostic_id,rater_id,question_code,score) VALUES ('323c816d-f716-489c-86fb-c0d324ffdf2c','3e21ad0a-b8dd-49ec-8e79-db5da063eb7a','LRELAT',5);
INSERT INTO diagnostic_responses (diagnostic_id,rater_id,question_code,score) VALUES ('323c816d-f716-489c-86fb-c0d324ffdf2c','3e21ad0a-b8dd-49ec-8e79-db5da063eb7a','D1',10);
INSERT INTO diagnostic_responses (diagnostic_id,rater_id,question_code,text_response) VALUES ('323c816d-f716-489c-86fb-c0d324ffdf2c','3e21ad0a-b8dd-49ec-8e79-db5da063eb7a','LSTART_TRUST','N/A');
INSERT INTO diagnostic_responses (diagnostic_id,rater_id,question_code,text_response) VALUES ('323c816d-f716-489c-86fb-c0d324ffdf2c','3e21ad0a-b8dd-49ec-8e79-db5da063eb7a','LSTOP_INIT','N/A');
INSERT INTO diagnostic_responses (diagnostic_id,rater_id,question_code,text_response) VALUES ('323c816d-f716-489c-86fb-c0d324ffdf2c','3e21ad0a-b8dd-49ec-8e79-db5da063eb7a','LCONT_PROD','Steven should continue the weekly one-on-ones and team meetings. This is a great resource for any questions and helps me immensely as I navigate my weekly tasks. It also helps me stay updated and informed with what is going on during the week, and helps me to build connections with the team even though I am remote.');
INSERT INTO diagnostic_responses (diagnostic_id,rater_id,question_code,text_response) VALUES ('323c816d-f716-489c-86fb-c0d324ffdf2c','3e21ad0a-b8dd-49ec-8e79-db5da063eb7a','LSTOP_COMM','Steven has great communication with all team members.');
INSERT INTO diagnostic_responses (diagnostic_id,rater_id,question_code,text_response) VALUES ('323c816d-f716-489c-86fb-c0d324ffdf2c','3e21ad0a-b8dd-49ec-8e79-db5da063eb7a','LCREATIVE','The task manager and meeting agendas are great tools to keep everyone on the same page. I also enjoy all his ideas for accreditation communications that we have executed, such as the monthly newsletter, feature stories, press releases and social media posts.');
INSERT INTO diagnostic_responses (diagnostic_id,rater_id,question_code,text_response) VALUES ('323c816d-f716-489c-86fb-c0d324ffdf2c','3e21ad0a-b8dd-49ec-8e79-db5da063eb7a','LSTART_IMPACT','N/A');
INSERT INTO diagnostic_responses (diagnostic_id,rater_id,question_code,text_response) VALUES ('323c816d-f716-489c-86fb-c0d324ffdf2c','3e21ad0a-b8dd-49ec-8e79-db5da063eb7a','LSTOP_IMPACT','N/A');
INSERT INTO diagnostic_responses (diagnostic_id,rater_id,question_code,text_response) VALUES ('323c816d-f716-489c-86fb-c0d324ffdf2c','3e21ad0a-b8dd-49ec-8e79-db5da063eb7a','LCONT_IMPACT','Steven is very organized and I enjoy how he manages tasks and meets with each team member weekly.');
INSERT INTO diagnostic_responses (diagnostic_id,rater_id,question_code,text_response) VALUES ('323c816d-f716-489c-86fb-c0d324ffdf2c','3e21ad0a-b8dd-49ec-8e79-db5da063eb7a','LDESCRIBE','Approachable, kind, and helpful');
INSERT INTO diagnostic_raters (id,diagnostic_id,name,email,relationship,is_self,completed_at,created_at) VALUES ('3272206c-8604-4171-9b27-458e21872fb5','323c816d-f716-489c-86fb-c0d324ffdf2c','Yan Chen','yan.chen@ped.nm.gov','Direct Report',false,'2025-04-26T00:00:00Z','2025-04-26T00:00:00Z');
INSERT INTO diagnostic_responses (diagnostic_id,rater_id,question_code,score) VALUES ('323c816d-f716-489c-86fb-c0d324ffdf2c','3272206c-8604-4171-9b27-458e21872fb5','A1',5);
INSERT INTO diagnostic_responses (diagnostic_id,rater_id,question_code,score) VALUES ('323c816d-f716-489c-86fb-c0d324ffdf2c','3272206c-8604-4171-9b27-458e21872fb5','B1',5);
INSERT INTO diagnostic_responses (diagnostic_id,rater_id,question_code,score) VALUES ('323c816d-f716-489c-86fb-c0d324ffdf2c','3272206c-8604-4171-9b27-458e21872fb5','B2',5);
INSERT INTO diagnostic_responses (diagnostic_id,rater_id,question_code,score) VALUES ('323c816d-f716-489c-86fb-c0d324ffdf2c','3272206c-8604-4171-9b27-458e21872fb5','B3',5);
INSERT INTO diagnostic_responses (diagnostic_id,rater_id,question_code,score) VALUES ('323c816d-f716-489c-86fb-c0d324ffdf2c','3272206c-8604-4171-9b27-458e21872fb5','C1',5);
INSERT INTO diagnostic_responses (diagnostic_id,rater_id,question_code,score) VALUES ('323c816d-f716-489c-86fb-c0d324ffdf2c','3272206c-8604-4171-9b27-458e21872fb5','C2',4);
INSERT INTO diagnostic_responses (diagnostic_id,rater_id,question_code,score) VALUES ('323c816d-f716-489c-86fb-c0d324ffdf2c','3272206c-8604-4171-9b27-458e21872fb5','C3',5);
INSERT INTO diagnostic_responses (diagnostic_id,rater_id,question_code,score) VALUES ('323c816d-f716-489c-86fb-c0d324ffdf2c','3272206c-8604-4171-9b27-458e21872fb5','LCOMM',5);
INSERT INTO diagnostic_responses (diagnostic_id,rater_id,question_code,score) VALUES ('323c816d-f716-489c-86fb-c0d324ffdf2c','3272206c-8604-4171-9b27-458e21872fb5','LCONF',5);
INSERT INTO diagnostic_responses (diagnostic_id,rater_id,question_code,score) VALUES ('323c816d-f716-489c-86fb-c0d324ffdf2c','3272206c-8604-4171-9b27-458e21872fb5','LINFL',4);
INSERT INTO diagnostic_responses (diagnostic_id,rater_id,question_code,score) VALUES ('323c816d-f716-489c-86fb-c0d324ffdf2c','3272206c-8604-4171-9b27-458e21872fb5','LDEV',4);
INSERT INTO diagnostic_responses (diagnostic_id,rater_id,question_code,score) VALUES ('323c816d-f716-489c-86fb-c0d324ffdf2c','3272206c-8604-4171-9b27-458e21872fb5','LSELF',5);
INSERT INTO diagnostic_responses (diagnostic_id,rater_id,question_code,score) VALUES ('323c816d-f716-489c-86fb-c0d324ffdf2c','3272206c-8604-4171-9b27-458e21872fb5','LSTRAT',5);
INSERT INTO diagnostic_responses (diagnostic_id,rater_id,question_code,score) VALUES ('323c816d-f716-489c-86fb-c0d324ffdf2c','3272206c-8604-4171-9b27-458e21872fb5','LCOLLAB',4);
INSERT INTO diagnostic_responses (diagnostic_id,rater_id,question_code,score) VALUES ('323c816d-f716-489c-86fb-c0d324ffdf2c','3272206c-8604-4171-9b27-458e21872fb5','LACCT',5);
INSERT INTO diagnostic_responses (diagnostic_id,rater_id,question_code,score) VALUES ('323c816d-f716-489c-86fb-c0d324ffdf2c','3272206c-8604-4171-9b27-458e21872fb5','LEXPECT',5);
INSERT INTO diagnostic_responses (diagnostic_id,rater_id,question_code,score) VALUES ('323c816d-f716-489c-86fb-c0d324ffdf2c','3272206c-8604-4171-9b27-458e21872fb5','LCRISIS',4);
INSERT INTO diagnostic_responses (diagnostic_id,rater_id,question_code,score) VALUES ('323c816d-f716-489c-86fb-c0d324ffdf2c','3272206c-8604-4171-9b27-458e21872fb5','LINSPIRE',4);
INSERT INTO diagnostic_responses (diagnostic_id,rater_id,question_code,score) VALUES ('323c816d-f716-489c-86fb-c0d324ffdf2c','3272206c-8604-4171-9b27-458e21872fb5','LRELAT',5);
INSERT INTO diagnostic_responses (diagnostic_id,rater_id,question_code,score) VALUES ('323c816d-f716-489c-86fb-c0d324ffdf2c','3272206c-8604-4171-9b27-458e21872fb5','D1',9);
INSERT INTO diagnostic_responses (diagnostic_id,rater_id,question_code,text_response) VALUES ('323c816d-f716-489c-86fb-c0d324ffdf2c','3272206c-8604-4171-9b27-458e21872fb5','LSTART_TRUST','More communication.');
INSERT INTO diagnostic_responses (diagnostic_id,rater_id,question_code,text_response) VALUES ('323c816d-f716-489c-86fb-c0d324ffdf2c','3272206c-8604-4171-9b27-458e21872fb5','LSTOP_INIT','I hope he could be less frustrated when a project doesn''t go the way as expected.');
INSERT INTO diagnostic_responses (diagnostic_id,rater_id,question_code,text_response) VALUES ('323c816d-f716-489c-86fb-c0d324ffdf2c','3272206c-8604-4171-9b27-458e21872fb5','LCONT_PROD','Revisit the project as he has been doing.');
INSERT INTO diagnostic_responses (diagnostic_id,rater_id,question_code,text_response) VALUES ('323c816d-f716-489c-86fb-c0d324ffdf2c','3272206c-8604-4171-9b27-458e21872fb5','LSTOP_COMM','N/A');
INSERT INTO diagnostic_responses (diagnostic_id,rater_id,question_code,text_response) VALUES ('323c816d-f716-489c-86fb-c0d324ffdf2c','3272206c-8604-4171-9b27-458e21872fb5','LCREATIVE','He does his own research and homework when things need to be done, and he is quite proactive at organizing teams and meetings across divisions to figure out a solution.');
INSERT INTO diagnostic_responses (diagnostic_id,rater_id,question_code,text_response) VALUES ('323c816d-f716-489c-86fb-c0d324ffdf2c','3272206c-8604-4171-9b27-458e21872fb5','LSTART_IMPACT','Reduce misinterpretation or resistance.');
INSERT INTO diagnostic_responses (diagnostic_id,rater_id,question_code,text_response) VALUES ('323c816d-f716-489c-86fb-c0d324ffdf2c','3272206c-8604-4171-9b27-458e21872fb5','LSTOP_IMPACT','N/A');
INSERT INTO diagnostic_responses (diagnostic_id,rater_id,question_code,text_response) VALUES ('323c816d-f716-489c-86fb-c0d324ffdf2c','3272206c-8604-4171-9b27-458e21872fb5','LCONT_IMPACT','Providing clearly communicating, defining roles and expectations, and reinforcing how individual work connects to broader goals.');
INSERT INTO diagnostic_responses (diagnostic_id,rater_id,question_code,text_response) VALUES ('323c816d-f716-489c-86fb-c0d324ffdf2c','3272206c-8604-4171-9b27-458e21872fb5','LDESCRIBE','Intelligent, kind, driven and professional.');
INSERT INTO diagnostic_raters (id,diagnostic_id,name,email,relationship,is_self,completed_at,created_at) VALUES ('dc6b63cc-a8cf-4ad7-b8b8-17a030b87e11','323c816d-f716-489c-86fb-c0d324ffdf2c','Steven Heil','steven.heil@ped.nm.gov','Self',true,'2025-04-26T00:00:00Z','2025-04-26T00:00:00Z');
INSERT INTO diagnostic_responses (diagnostic_id,rater_id,question_code,score) VALUES ('323c816d-f716-489c-86fb-c0d324ffdf2c','dc6b63cc-a8cf-4ad7-b8b8-17a030b87e11','A1',5);
INSERT INTO diagnostic_responses (diagnostic_id,rater_id,question_code,score) VALUES ('323c816d-f716-489c-86fb-c0d324ffdf2c','dc6b63cc-a8cf-4ad7-b8b8-17a030b87e11','B1',3);
INSERT INTO diagnostic_responses (diagnostic_id,rater_id,question_code,score) VALUES ('323c816d-f716-489c-86fb-c0d324ffdf2c','dc6b63cc-a8cf-4ad7-b8b8-17a030b87e11','C1',4);
INSERT INTO diagnostic_responses (diagnostic_id,rater_id,question_code,score) VALUES ('323c816d-f716-489c-86fb-c0d324ffdf2c','dc6b63cc-a8cf-4ad7-b8b8-17a030b87e11','LCOMM',4);
INSERT INTO diagnostic_responses (diagnostic_id,rater_id,question_code,score) VALUES ('323c816d-f716-489c-86fb-c0d324ffdf2c','dc6b63cc-a8cf-4ad7-b8b8-17a030b87e11','LCONF',3);
INSERT INTO diagnostic_responses (diagnostic_id,rater_id,question_code,score) VALUES ('323c816d-f716-489c-86fb-c0d324ffdf2c','dc6b63cc-a8cf-4ad7-b8b8-17a030b87e11','LINFL',4);
INSERT INTO diagnostic_responses (diagnostic_id,rater_id,question_code,score) VALUES ('323c816d-f716-489c-86fb-c0d324ffdf2c','dc6b63cc-a8cf-4ad7-b8b8-17a030b87e11','LDEV',5);
INSERT INTO diagnostic_responses (diagnostic_id,rater_id,question_code,score) VALUES ('323c816d-f716-489c-86fb-c0d324ffdf2c','dc6b63cc-a8cf-4ad7-b8b8-17a030b87e11','LSELF',5);
INSERT INTO diagnostic_responses (diagnostic_id,rater_id,question_code,score) VALUES ('323c816d-f716-489c-86fb-c0d324ffdf2c','dc6b63cc-a8cf-4ad7-b8b8-17a030b87e11','LSTRAT',5);
INSERT INTO diagnostic_responses (diagnostic_id,rater_id,question_code,score) VALUES ('323c816d-f716-489c-86fb-c0d324ffdf2c','dc6b63cc-a8cf-4ad7-b8b8-17a030b87e11','LCOLLAB',4);
INSERT INTO diagnostic_responses (diagnostic_id,rater_id,question_code,score) VALUES ('323c816d-f716-489c-86fb-c0d324ffdf2c','dc6b63cc-a8cf-4ad7-b8b8-17a030b87e11','LACCT',5);
INSERT INTO diagnostic_responses (diagnostic_id,rater_id,question_code,score) VALUES ('323c816d-f716-489c-86fb-c0d324ffdf2c','dc6b63cc-a8cf-4ad7-b8b8-17a030b87e11','LEXPECT',4);
INSERT INTO diagnostic_responses (diagnostic_id,rater_id,question_code,score) VALUES ('323c816d-f716-489c-86fb-c0d324ffdf2c','dc6b63cc-a8cf-4ad7-b8b8-17a030b87e11','LCRISIS',4);
INSERT INTO diagnostic_responses (diagnostic_id,rater_id,question_code,score) VALUES ('323c816d-f716-489c-86fb-c0d324ffdf2c','dc6b63cc-a8cf-4ad7-b8b8-17a030b87e11','LINSPIRE',4);
INSERT INTO diagnostic_responses (diagnostic_id,rater_id,question_code,score) VALUES ('323c816d-f716-489c-86fb-c0d324ffdf2c','dc6b63cc-a8cf-4ad7-b8b8-17a030b87e11','LRELAT',5);
INSERT INTO diagnostic_responses (diagnostic_id,rater_id,question_code,score) VALUES ('323c816d-f716-489c-86fb-c0d324ffdf2c','dc6b63cc-a8cf-4ad7-b8b8-17a030b87e11','D1',9);
INSERT INTO diagnostic_responses (diagnostic_id,rater_id,question_code,text_response) VALUES ('323c816d-f716-489c-86fb-c0d324ffdf2c','dc6b63cc-a8cf-4ad7-b8b8-17a030b87e11','LSTART_TRUST','Establish a system for distributing responsibility that promotes autonomy among team members.');
INSERT INTO diagnostic_responses (diagnostic_id,rater_id,question_code,text_response) VALUES ('323c816d-f716-489c-86fb-c0d324ffdf2c','dc6b63cc-a8cf-4ad7-b8b8-17a030b87e11','LSTOP_INIT','Taking over meetings with internal or external customers in which team members may be capable of leading.');
INSERT INTO diagnostic_responses (diagnostic_id,rater_id,question_code,text_response) VALUES ('323c816d-f716-489c-86fb-c0d324ffdf2c','dc6b63cc-a8cf-4ad7-b8b8-17a030b87e11','LCONT_PROD','Expressing appreciation for work done.');
INSERT INTO diagnostic_responses (diagnostic_id,rater_id,question_code,text_response) VALUES ('323c816d-f716-489c-86fb-c0d324ffdf2c','dc6b63cc-a8cf-4ad7-b8b8-17a030b87e11','LSTOP_COMM','I can''t think of something may come back to this.');
INSERT INTO diagnostic_responses (diagnostic_id,rater_id,question_code,text_response) VALUES ('323c816d-f716-489c-86fb-c0d324ffdf2c','dc6b63cc-a8cf-4ad7-b8b8-17a030b87e11','LCREATIVE','Qualitative data collection and storytelling to show the positive side of accreditation.');
INSERT INTO diagnostic_responses (diagnostic_id,rater_id,question_code,text_response) VALUES ('323c816d-f716-489c-86fb-c0d324ffdf2c','dc6b63cc-a8cf-4ad7-b8b8-17a030b87e11','LSTART_IMPACT','Lead with empathy in high-level meetings.');
INSERT INTO diagnostic_responses (diagnostic_id,rater_id,question_code,text_response) VALUES ('323c816d-f716-489c-86fb-c0d324ffdf2c','dc6b63cc-a8cf-4ad7-b8b8-17a030b87e11','LSTOP_IMPACT','Approaching meetings as if ideas, accomplishments, and plans are all that matter.');
INSERT INTO diagnostic_responses (diagnostic_id,rater_id,question_code,text_response) VALUES ('323c816d-f716-489c-86fb-c0d324ffdf2c','dc6b63cc-a8cf-4ad7-b8b8-17a030b87e11','LCONT_IMPACT','Grow the capabilities of team members, working with who is on the team and  what they can do and helping them expand upon what they came with.');
INSERT INTO diagnostic_responses (diagnostic_id,rater_id,question_code,text_response) VALUES ('323c816d-f716-489c-86fb-c0d324ffdf2c','dc6b63cc-a8cf-4ad7-b8b8-17a030b87e11','LDESCRIBE','Intrapreneurial, creative, dedicated to results, principled but flexible.');
INSERT INTO diagnostics (id,client_id,client_name,client_email,client_org,tier,status,impact_scale,start_date,close_date,survey_closed_at,raters_finalized_at,all_raters_complete_at,intake_notes,created_at) VALUES ('1d383b44-e8f3-4aa6-afd5-95500d3989be','ce53229d-6f8c-4dc2-952d-938de171fda6','Heather Henderson','hhenderson@wallacemontgomery.com','Wallace Montgomery','standard','report_final',10,'2025-05-11','2025-05-11','2025-05-11T00:00:00Z','2025-05-11T00:00:00Z','2025-05-11T00:00:00Z','Legacy 360 import (prior instrument, different question set). Pillars mapped A/B/C; extra dimensions stored as L* codes.','2025-05-11T00:00:00Z');
INSERT INTO diagnostic_raters (id,diagnostic_id,name,email,relationship,is_self,completed_at,created_at) VALUES ('5380640e-7f0a-459b-837c-700b01aa2da1','1d383b44-e8f3-4aa6-afd5-95500d3989be','Heather Henderson','hhenderson@wallacemontgomery.com','Self',true,'2025-05-11T00:00:00Z','2025-05-11T00:00:00Z');
INSERT INTO diagnostic_responses (diagnostic_id,rater_id,question_code,score) VALUES ('1d383b44-e8f3-4aa6-afd5-95500d3989be','5380640e-7f0a-459b-837c-700b01aa2da1','A1',4);
INSERT INTO diagnostic_responses (diagnostic_id,rater_id,question_code,score) VALUES ('1d383b44-e8f3-4aa6-afd5-95500d3989be','5380640e-7f0a-459b-837c-700b01aa2da1','B1',4);
INSERT INTO diagnostic_responses (diagnostic_id,rater_id,question_code,score) VALUES ('1d383b44-e8f3-4aa6-afd5-95500d3989be','5380640e-7f0a-459b-837c-700b01aa2da1','C1',4);
INSERT INTO diagnostic_responses (diagnostic_id,rater_id,question_code,score) VALUES ('1d383b44-e8f3-4aa6-afd5-95500d3989be','5380640e-7f0a-459b-837c-700b01aa2da1','LCOMM',3);
INSERT INTO diagnostic_responses (diagnostic_id,rater_id,question_code,score) VALUES ('1d383b44-e8f3-4aa6-afd5-95500d3989be','5380640e-7f0a-459b-837c-700b01aa2da1','LCONF',5);
INSERT INTO diagnostic_responses (diagnostic_id,rater_id,question_code,score) VALUES ('1d383b44-e8f3-4aa6-afd5-95500d3989be','5380640e-7f0a-459b-837c-700b01aa2da1','LINFL',4);
INSERT INTO diagnostic_responses (diagnostic_id,rater_id,question_code,score) VALUES ('1d383b44-e8f3-4aa6-afd5-95500d3989be','5380640e-7f0a-459b-837c-700b01aa2da1','LDEV',5);
INSERT INTO diagnostic_responses (diagnostic_id,rater_id,question_code,score) VALUES ('1d383b44-e8f3-4aa6-afd5-95500d3989be','5380640e-7f0a-459b-837c-700b01aa2da1','LSELF',4);
INSERT INTO diagnostic_responses (diagnostic_id,rater_id,question_code,score) VALUES ('1d383b44-e8f3-4aa6-afd5-95500d3989be','5380640e-7f0a-459b-837c-700b01aa2da1','LSTRAT',3);
INSERT INTO diagnostic_responses (diagnostic_id,rater_id,question_code,score) VALUES ('1d383b44-e8f3-4aa6-afd5-95500d3989be','5380640e-7f0a-459b-837c-700b01aa2da1','LCOLLAB',4);
INSERT INTO diagnostic_responses (diagnostic_id,rater_id,question_code,score) VALUES ('1d383b44-e8f3-4aa6-afd5-95500d3989be','5380640e-7f0a-459b-837c-700b01aa2da1','LACCT',4);
INSERT INTO diagnostic_responses (diagnostic_id,rater_id,question_code,score) VALUES ('1d383b44-e8f3-4aa6-afd5-95500d3989be','5380640e-7f0a-459b-837c-700b01aa2da1','LEXPECT',5);
INSERT INTO diagnostic_responses (diagnostic_id,rater_id,question_code,score) VALUES ('1d383b44-e8f3-4aa6-afd5-95500d3989be','5380640e-7f0a-459b-837c-700b01aa2da1','LCRISIS',5);
INSERT INTO diagnostic_responses (diagnostic_id,rater_id,question_code,score) VALUES ('1d383b44-e8f3-4aa6-afd5-95500d3989be','5380640e-7f0a-459b-837c-700b01aa2da1','LINSPIRE',4);
INSERT INTO diagnostic_responses (diagnostic_id,rater_id,question_code,score) VALUES ('1d383b44-e8f3-4aa6-afd5-95500d3989be','5380640e-7f0a-459b-837c-700b01aa2da1','LRELAT',4);
INSERT INTO diagnostic_responses (diagnostic_id,rater_id,question_code,score) VALUES ('1d383b44-e8f3-4aa6-afd5-95500d3989be','5380640e-7f0a-459b-837c-700b01aa2da1','D1',7);
INSERT INTO diagnostic_responses (diagnostic_id,rater_id,question_code,text_response) VALUES ('1d383b44-e8f3-4aa6-afd5-95500d3989be','5380640e-7f0a-459b-837c-700b01aa2da1','LSTART_TRUST','The one thing that I could start doing to build an even greater trust with colleagues and team members is to create a better communication environment.');
INSERT INTO diagnostic_responses (diagnostic_id,rater_id,question_code,text_response) VALUES ('1d383b44-e8f3-4aa6-afd5-95500d3989be','5380640e-7f0a-459b-837c-700b01aa2da1','LSTOP_INIT','The one thing I could STOP doing that might be hindering my team''s ability to take the initiative is providing too much direction.');
INSERT INTO diagnostic_responses (diagnostic_id,rater_id,question_code,text_response) VALUES ('1d383b44-e8f3-4aa6-afd5-95500d3989be','5380640e-7f0a-459b-837c-700b01aa2da1','LCONT_PROD','The one thing I should absolutely CONTINUE doing because it has a significant positive impact on team productivity is encouraging family first.');
INSERT INTO diagnostic_responses (diagnostic_id,rater_id,question_code,text_response) VALUES ('1d383b44-e8f3-4aa6-afd5-95500d3989be','5380640e-7f0a-459b-837c-700b01aa2da1','LSTOP_COMM','The one thing that I could stop doing to improve my communication or leadership effectiveness is allowing my personal opinions to cloud my judgement and communication.');
INSERT INTO diagnostic_responses (diagnostic_id,rater_id,question_code,text_response) VALUES ('1d383b44-e8f3-4aa6-afd5-95500d3989be','5380640e-7f0a-459b-837c-700b01aa2da1','LCREATIVE','The one creative approach that I have introduced that has been particularly valuable is an open door policy that we are always available and get a piece of chocolate.');
INSERT INTO diagnostic_responses (diagnostic_id,rater_id,question_code,text_response) VALUES ('1d383b44-e8f3-4aa6-afd5-95500d3989be','5380640e-7f0a-459b-837c-700b01aa2da1','LSTART_IMPACT','The one thing that I should START doing to elevate my leadership impact is to speak up more.');
INSERT INTO diagnostic_responses (diagnostic_id,rater_id,question_code,text_response) VALUES ('1d383b44-e8f3-4aa6-afd5-95500d3989be','5380640e-7f0a-459b-837c-700b01aa2da1','LSTOP_IMPACT','The one thing I should STOP doing to become more effective is to have a a negative mindset about certain situations.');
INSERT INTO diagnostic_responses (diagnostic_id,rater_id,question_code,text_response) VALUES ('1d383b44-e8f3-4aa6-afd5-95500d3989be','5380640e-7f0a-459b-837c-700b01aa2da1','LCONT_IMPACT','The one thing that I do exceptionally well that I should absolutely CONTINUE doing is to foster collaboration.');
INSERT INTO diagnostic_responses (diagnostic_id,rater_id,question_code,text_response) VALUES ('1d383b44-e8f3-4aa6-afd5-95500d3989be','5380640e-7f0a-459b-837c-700b01aa2da1','LDESCRIBE','If I were to describe myself to someone outside of the team, I would say that this person is connected, understanding, relevant and mindful.');
INSERT INTO diagnostic_raters (id,diagnostic_id,name,email,relationship,is_self,completed_at,created_at) VALUES ('94deaf2e-d177-428d-8cab-d3b602d30e44','1d383b44-e8f3-4aa6-afd5-95500d3989be','Robert Galen Ridgell','rridgell@wallacemontgomery.com','Peer',false,'2025-05-11T00:00:00Z','2025-05-11T00:00:00Z');
INSERT INTO diagnostic_responses (diagnostic_id,rater_id,question_code,score) VALUES ('1d383b44-e8f3-4aa6-afd5-95500d3989be','94deaf2e-d177-428d-8cab-d3b602d30e44','A1',4);
INSERT INTO diagnostic_responses (diagnostic_id,rater_id,question_code,score) VALUES ('1d383b44-e8f3-4aa6-afd5-95500d3989be','94deaf2e-d177-428d-8cab-d3b602d30e44','B1',3);
INSERT INTO diagnostic_responses (diagnostic_id,rater_id,question_code,score) VALUES ('1d383b44-e8f3-4aa6-afd5-95500d3989be','94deaf2e-d177-428d-8cab-d3b602d30e44','C1',3);
INSERT INTO diagnostic_responses (diagnostic_id,rater_id,question_code,score) VALUES ('1d383b44-e8f3-4aa6-afd5-95500d3989be','94deaf2e-d177-428d-8cab-d3b602d30e44','LCOMM',3);
INSERT INTO diagnostic_responses (diagnostic_id,rater_id,question_code,score) VALUES ('1d383b44-e8f3-4aa6-afd5-95500d3989be','94deaf2e-d177-428d-8cab-d3b602d30e44','LCONF',3);
INSERT INTO diagnostic_responses (diagnostic_id,rater_id,question_code,score) VALUES ('1d383b44-e8f3-4aa6-afd5-95500d3989be','94deaf2e-d177-428d-8cab-d3b602d30e44','LINFL',5);
INSERT INTO diagnostic_responses (diagnostic_id,rater_id,question_code,score) VALUES ('1d383b44-e8f3-4aa6-afd5-95500d3989be','94deaf2e-d177-428d-8cab-d3b602d30e44','LDEV',4);
INSERT INTO diagnostic_responses (diagnostic_id,rater_id,question_code,score) VALUES ('1d383b44-e8f3-4aa6-afd5-95500d3989be','94deaf2e-d177-428d-8cab-d3b602d30e44','LSELF',5);
INSERT INTO diagnostic_responses (diagnostic_id,rater_id,question_code,score) VALUES ('1d383b44-e8f3-4aa6-afd5-95500d3989be','94deaf2e-d177-428d-8cab-d3b602d30e44','LSTRAT',2);
INSERT INTO diagnostic_responses (diagnostic_id,rater_id,question_code,score) VALUES ('1d383b44-e8f3-4aa6-afd5-95500d3989be','94deaf2e-d177-428d-8cab-d3b602d30e44','LCOLLAB',3);
INSERT INTO diagnostic_responses (diagnostic_id,rater_id,question_code,score) VALUES ('1d383b44-e8f3-4aa6-afd5-95500d3989be','94deaf2e-d177-428d-8cab-d3b602d30e44','LACCT',4);
INSERT INTO diagnostic_responses (diagnostic_id,rater_id,question_code,score) VALUES ('1d383b44-e8f3-4aa6-afd5-95500d3989be','94deaf2e-d177-428d-8cab-d3b602d30e44','LEXPECT',4);
INSERT INTO diagnostic_responses (diagnostic_id,rater_id,question_code,score) VALUES ('1d383b44-e8f3-4aa6-afd5-95500d3989be','94deaf2e-d177-428d-8cab-d3b602d30e44','LCRISIS',5);
INSERT INTO diagnostic_responses (diagnostic_id,rater_id,question_code,score) VALUES ('1d383b44-e8f3-4aa6-afd5-95500d3989be','94deaf2e-d177-428d-8cab-d3b602d30e44','LINSPIRE',3);
INSERT INTO diagnostic_responses (diagnostic_id,rater_id,question_code,score) VALUES ('1d383b44-e8f3-4aa6-afd5-95500d3989be','94deaf2e-d177-428d-8cab-d3b602d30e44','LRELAT',3);
INSERT INTO diagnostic_responses (diagnostic_id,rater_id,question_code,score) VALUES ('1d383b44-e8f3-4aa6-afd5-95500d3989be','94deaf2e-d177-428d-8cab-d3b602d30e44','D1',9);
INSERT INTO diagnostic_responses (diagnostic_id,rater_id,question_code,text_response) VALUES ('1d383b44-e8f3-4aa6-afd5-95500d3989be','94deaf2e-d177-428d-8cab-d3b602d30e44','LSTART_TRUST','The leader could start more openly embracing and championing change, particularly when it comes from new offices or developing business lines. Their responsiveness and thoughtful consideration of broader impacts are significant strengths, but greater openness and transparency with peers, such as Vice Presidents and Project Managers, would help build deeper trust across the organization.

By engaging more directly with peers to workshop issues and explore solutions collaboratively before escalating to higher-level management, the leader can foster a stronger sense of shared ownership, buy-in, and partnership. This approach helps others feel respected and informed, ultimately strengthening alignment, confidence, and trust within the broader leadership team.');
INSERT INTO diagnostic_responses (diagnostic_id,rater_id,question_code,text_response) VALUES ('1d383b44-e8f3-4aa6-afd5-95500d3989be','94deaf2e-d177-428d-8cab-d3b602d30e44','LSTOP_INIT','One thing this leader could stop doing to help their team take greater initiative is escalating or discussing sensitive issues outside of the immediate team or peer relationship before the team has had a chance to fully understand the positions of both parties and to the company as a whole. 

While the intent is often to ensure transparency and protect organizational interests, doing so too early can create unnecessary scrutiny, duplicate efforts, or hesitation among team members to take ownership or initiate future change efforts that could prove beneficial to the firm.

By allowing the team to work through challenges collectively and present well-developed recommendations as a collaborative team before involving higher-level management, the leader would empower others to take initiative, build confidence in their decision-making, and strengthen trust across the organization.');
INSERT INTO diagnostic_responses (diagnostic_id,rater_id,question_code,text_response) VALUES ('1d383b44-e8f3-4aa6-afd5-95500d3989be','94deaf2e-d177-428d-8cab-d3b602d30e44','LCONT_PROD','This leader should absolutely continue streamlining existing processes and leveraging tools within their controls, such as Paycom, to reduce touch points and improve the efficiency of routine tasks that ensure the compliance that is crucial to the leaders own divisional interests. 

Their focus on simplifying workflows can have a clear and measurable impact on team productivity, allowing others to spend more time on high-value work and less on administrative coordination.

Additionally, the leader’s commitment to maintaining regular, open, and transparent communication with peers, whether through face-to-face conversations or informal check-ins, has been instrumental in strengthening collaboration across geographically dispersed teams. 

These interactions will foster stronger relationships, promote shared understanding, and help improve morale across offices.');
INSERT INTO diagnostic_responses (diagnostic_id,rater_id,question_code,text_response) VALUES ('1d383b44-e8f3-4aa6-afd5-95500d3989be','94deaf2e-d177-428d-8cab-d3b602d30e44','LSTOP_COMM','One thing this leader could stop doing to improve their communication and leadership effectiveness is engaging outside of the established team or peer structure before fully understanding the context of an emerging initiative. While their intent is often to move discussions forward efficiently, bypassing the natural communication ladder or offering early opinions without an open dialogue with the peer championing the idea can unintentionally discourage junior team members and derail initiatives in their early stages.

By taking more time to listen, collaborate, and explore the intent behind new ideas directly with the initiator before forming conclusions or redirecting efforts, the leader can foster a more inclusive and empowering environment. This approach would encourage innovation, strengthen team confidence, and ensure that promising initiatives are given the opportunity to mature under collective input.');
INSERT INTO diagnostic_responses (diagnostic_id,rater_id,question_code,text_response) VALUES ('1d383b44-e8f3-4aa6-afd5-95500d3989be','94deaf2e-d177-428d-8cab-d3b602d30e44','LCREATIVE','This leader has always had the solution I needed when the chips were down and a report or fellow employee needed support or assistance. Without going into all the specifics this leader knows how to navigate the system while maintaining compliance and getting to the desired outcome. Their readiness to tackle these challenges and develop creative solutions is noted.');
INSERT INTO diagnostic_responses (diagnostic_id,rater_id,question_code,text_response) VALUES ('1d383b44-e8f3-4aa6-afd5-95500d3989be','94deaf2e-d177-428d-8cab-d3b602d30e44','LSTART_IMPACT','Embracing the changing landscape of the firm and join with others to be a champion of change. Heather''s role is absolutely mission critical to the success of any change as she ensures that the change or process is compliant with regulation and requirements. It is important though to fully and with an open mind evaluate change and requests to understand the why and to look for ways to mitigate the underlying problem. It is critical that a leader like Heather, with more internal procedural knowledge than anyone else at the firm, be attentive to the struggles and pain points of new leaders throughout the firm to understand how the process may need to adapt to enable continued growth.');
INSERT INTO diagnostic_responses (diagnostic_id,rater_id,question_code,text_response) VALUES ('1d383b44-e8f3-4aa6-afd5-95500d3989be','94deaf2e-d177-428d-8cab-d3b602d30e44','LSTOP_IMPACT','Avoid informal workshopping or premature elevation of issues that erode trust with other parties. By virtue of her position Heather is more in-tune and in reach to ownership and senior management than any other VP. This makes it even more critical to be judicious in her approach and engagement to be a peer that other leaders can rely on and use as a sounding board. Internalizing these discussions and going to senior leadership or others in a collaborative manner would improve trust, communication, and integration.');
INSERT INTO diagnostic_responses (diagnostic_id,rater_id,question_code,text_response) VALUES ('1d383b44-e8f3-4aa6-afd5-95500d3989be','94deaf2e-d177-428d-8cab-d3b602d30e44','LCONT_IMPACT','Looking out for the best interests of the firm and each and every employee including helping to find solutions to tricky problems that have real impacts to employees and their families. Heather is masterful at this!');
INSERT INTO diagnostic_responses (diagnostic_id,rater_id,question_code,text_response) VALUES ('1d383b44-e8f3-4aa6-afd5-95500d3989be','94deaf2e-d177-428d-8cab-d3b602d30e44','LDESCRIBE','Competent, Caring, Traditional, Process Oriented');
INSERT INTO diagnostic_raters (id,diagnostic_id,name,email,relationship,is_self,completed_at,created_at) VALUES ('d925964b-7b20-4687-b581-ee4ee7690866','1d383b44-e8f3-4aa6-afd5-95500d3989be','Tony Mawry','Amawry@wallacemontgomery.com','Supervisor',false,'2025-05-11T00:00:00Z','2025-05-11T00:00:00Z');
INSERT INTO diagnostic_responses (diagnostic_id,rater_id,question_code,score) VALUES ('1d383b44-e8f3-4aa6-afd5-95500d3989be','d925964b-7b20-4687-b581-ee4ee7690866','A1',4);
INSERT INTO diagnostic_responses (diagnostic_id,rater_id,question_code,score) VALUES ('1d383b44-e8f3-4aa6-afd5-95500d3989be','d925964b-7b20-4687-b581-ee4ee7690866','B1',3);
INSERT INTO diagnostic_responses (diagnostic_id,rater_id,question_code,score) VALUES ('1d383b44-e8f3-4aa6-afd5-95500d3989be','d925964b-7b20-4687-b581-ee4ee7690866','C1',5);
INSERT INTO diagnostic_responses (diagnostic_id,rater_id,question_code,score) VALUES ('1d383b44-e8f3-4aa6-afd5-95500d3989be','d925964b-7b20-4687-b581-ee4ee7690866','LCOMM',4);
INSERT INTO diagnostic_responses (diagnostic_id,rater_id,question_code,score) VALUES ('1d383b44-e8f3-4aa6-afd5-95500d3989be','d925964b-7b20-4687-b581-ee4ee7690866','LCONF',4);
INSERT INTO diagnostic_responses (diagnostic_id,rater_id,question_code,score) VALUES ('1d383b44-e8f3-4aa6-afd5-95500d3989be','d925964b-7b20-4687-b581-ee4ee7690866','LINFL',3);
INSERT INTO diagnostic_responses (diagnostic_id,rater_id,question_code,score) VALUES ('1d383b44-e8f3-4aa6-afd5-95500d3989be','d925964b-7b20-4687-b581-ee4ee7690866','LDEV',4);
INSERT INTO diagnostic_responses (diagnostic_id,rater_id,question_code,score) VALUES ('1d383b44-e8f3-4aa6-afd5-95500d3989be','d925964b-7b20-4687-b581-ee4ee7690866','LSELF',5);
INSERT INTO diagnostic_responses (diagnostic_id,rater_id,question_code,score) VALUES ('1d383b44-e8f3-4aa6-afd5-95500d3989be','d925964b-7b20-4687-b581-ee4ee7690866','LSTRAT',3);
INSERT INTO diagnostic_responses (diagnostic_id,rater_id,question_code,score) VALUES ('1d383b44-e8f3-4aa6-afd5-95500d3989be','d925964b-7b20-4687-b581-ee4ee7690866','LCOLLAB',3);
INSERT INTO diagnostic_responses (diagnostic_id,rater_id,question_code,score) VALUES ('1d383b44-e8f3-4aa6-afd5-95500d3989be','d925964b-7b20-4687-b581-ee4ee7690866','LACCT',4);
INSERT INTO diagnostic_responses (diagnostic_id,rater_id,question_code,score) VALUES ('1d383b44-e8f3-4aa6-afd5-95500d3989be','d925964b-7b20-4687-b581-ee4ee7690866','LEXPECT',3);
INSERT INTO diagnostic_responses (diagnostic_id,rater_id,question_code,score) VALUES ('1d383b44-e8f3-4aa6-afd5-95500d3989be','d925964b-7b20-4687-b581-ee4ee7690866','LCRISIS',4);
INSERT INTO diagnostic_responses (diagnostic_id,rater_id,question_code,score) VALUES ('1d383b44-e8f3-4aa6-afd5-95500d3989be','d925964b-7b20-4687-b581-ee4ee7690866','LINSPIRE',4);
INSERT INTO diagnostic_responses (diagnostic_id,rater_id,question_code,score) VALUES ('1d383b44-e8f3-4aa6-afd5-95500d3989be','d925964b-7b20-4687-b581-ee4ee7690866','LRELAT',3);
INSERT INTO diagnostic_responses (diagnostic_id,rater_id,question_code,score) VALUES ('1d383b44-e8f3-4aa6-afd5-95500d3989be','d925964b-7b20-4687-b581-ee4ee7690866','D1',8);
INSERT INTO diagnostic_responses (diagnostic_id,rater_id,question_code,text_response) VALUES ('1d383b44-e8f3-4aa6-afd5-95500d3989be','d925964b-7b20-4687-b581-ee4ee7690866','LSTART_TRUST','I think just more communication with peers including direct explanation as to ''why'' ...');
INSERT INTO diagnostic_responses (diagnostic_id,rater_id,question_code,text_response) VALUES ('1d383b44-e8f3-4aa6-afd5-95500d3989be','d925964b-7b20-4687-b581-ee4ee7690866','LSTOP_INIT','Heather definitely takes initiative it''s just that the nature of HR is constant change in policy');
INSERT INTO diagnostic_responses (diagnostic_id,rater_id,question_code,text_response) VALUES ('1d383b44-e8f3-4aa6-afd5-95500d3989be','d925964b-7b20-4687-b581-ee4ee7690866','LCONT_PROD','Heather''s finds solutions that are grey in a black and white field- and that''s great');
INSERT INTO diagnostic_responses (diagnostic_id,rater_id,question_code,text_response) VALUES ('1d383b44-e8f3-4aa6-afd5-95500d3989be','d925964b-7b20-4687-b581-ee4ee7690866','LSTOP_COMM','Recognize engineers are horrible communicators');
INSERT INTO diagnostic_responses (diagnostic_id,rater_id,question_code,text_response) VALUES ('1d383b44-e8f3-4aa6-afd5-95500d3989be','d925964b-7b20-4687-b581-ee4ee7690866','LCREATIVE','Hard to tell as Matt is much more vocal ... too vocal on HR stuff');
INSERT INTO diagnostic_responses (diagnostic_id,rater_id,question_code,text_response) VALUES ('1d383b44-e8f3-4aa6-afd5-95500d3989be','d925964b-7b20-4687-b581-ee4ee7690866','LSTART_IMPACT','Figure out how to work with the more difficult personalities in leadership');
INSERT INTO diagnostic_responses (diagnostic_id,rater_id,question_code,text_response) VALUES ('1d383b44-e8f3-4aa6-afd5-95500d3989be','d925964b-7b20-4687-b581-ee4ee7690866','LSTOP_IMPACT','N/A');
INSERT INTO diagnostic_responses (diagnostic_id,rater_id,question_code,text_response) VALUES ('1d383b44-e8f3-4aa6-afd5-95500d3989be','d925964b-7b20-4687-b581-ee4ee7690866','LCONT_IMPACT','Solving problems and avoiding the black or white solution');
INSERT INTO diagnostic_responses (diagnostic_id,rater_id,question_code,text_response) VALUES ('1d383b44-e8f3-4aa6-afd5-95500d3989be','d925964b-7b20-4687-b581-ee4ee7690866','LDESCRIBE','Problem Solver');
INSERT INTO diagnostic_raters (id,diagnostic_id,name,email,relationship,is_self,completed_at,created_at) VALUES ('5a473bd0-89a5-4927-b7e4-045c4aef3e2b','1d383b44-e8f3-4aa6-afd5-95500d3989be','Angela McConaughy','amcconaughy@wallacemontgomery.com','Direct Report',false,'2025-05-11T00:00:00Z','2025-05-11T00:00:00Z');
INSERT INTO diagnostic_responses (diagnostic_id,rater_id,question_code,score) VALUES ('1d383b44-e8f3-4aa6-afd5-95500d3989be','5a473bd0-89a5-4927-b7e4-045c4aef3e2b','A1',4);
INSERT INTO diagnostic_responses (diagnostic_id,rater_id,question_code,score) VALUES ('1d383b44-e8f3-4aa6-afd5-95500d3989be','5a473bd0-89a5-4927-b7e4-045c4aef3e2b','B1',3);
INSERT INTO diagnostic_responses (diagnostic_id,rater_id,question_code,score) VALUES ('1d383b44-e8f3-4aa6-afd5-95500d3989be','5a473bd0-89a5-4927-b7e4-045c4aef3e2b','C1',4);
INSERT INTO diagnostic_responses (diagnostic_id,rater_id,question_code,score) VALUES ('1d383b44-e8f3-4aa6-afd5-95500d3989be','5a473bd0-89a5-4927-b7e4-045c4aef3e2b','LCOMM',4);
INSERT INTO diagnostic_responses (diagnostic_id,rater_id,question_code,score) VALUES ('1d383b44-e8f3-4aa6-afd5-95500d3989be','5a473bd0-89a5-4927-b7e4-045c4aef3e2b','LCONF',3);
INSERT INTO diagnostic_responses (diagnostic_id,rater_id,question_code,score) VALUES ('1d383b44-e8f3-4aa6-afd5-95500d3989be','5a473bd0-89a5-4927-b7e4-045c4aef3e2b','LINFL',3);
INSERT INTO diagnostic_responses (diagnostic_id,rater_id,question_code,score) VALUES ('1d383b44-e8f3-4aa6-afd5-95500d3989be','5a473bd0-89a5-4927-b7e4-045c4aef3e2b','LDEV',3);
INSERT INTO diagnostic_responses (diagnostic_id,rater_id,question_code,score) VALUES ('1d383b44-e8f3-4aa6-afd5-95500d3989be','5a473bd0-89a5-4927-b7e4-045c4aef3e2b','LSELF',3);
INSERT INTO diagnostic_responses (diagnostic_id,rater_id,question_code,score) VALUES ('1d383b44-e8f3-4aa6-afd5-95500d3989be','5a473bd0-89a5-4927-b7e4-045c4aef3e2b','LSTRAT',5);
INSERT INTO diagnostic_responses (diagnostic_id,rater_id,question_code,score) VALUES ('1d383b44-e8f3-4aa6-afd5-95500d3989be','5a473bd0-89a5-4927-b7e4-045c4aef3e2b','LCOLLAB',5);
INSERT INTO diagnostic_responses (diagnostic_id,rater_id,question_code,score) VALUES ('1d383b44-e8f3-4aa6-afd5-95500d3989be','5a473bd0-89a5-4927-b7e4-045c4aef3e2b','LACCT',4);
INSERT INTO diagnostic_responses (diagnostic_id,rater_id,question_code,score) VALUES ('1d383b44-e8f3-4aa6-afd5-95500d3989be','5a473bd0-89a5-4927-b7e4-045c4aef3e2b','LEXPECT',5);
INSERT INTO diagnostic_responses (diagnostic_id,rater_id,question_code,score) VALUES ('1d383b44-e8f3-4aa6-afd5-95500d3989be','5a473bd0-89a5-4927-b7e4-045c4aef3e2b','LCRISIS',4);
INSERT INTO diagnostic_responses (diagnostic_id,rater_id,question_code,score) VALUES ('1d383b44-e8f3-4aa6-afd5-95500d3989be','5a473bd0-89a5-4927-b7e4-045c4aef3e2b','LINSPIRE',4);
INSERT INTO diagnostic_responses (diagnostic_id,rater_id,question_code,score) VALUES ('1d383b44-e8f3-4aa6-afd5-95500d3989be','5a473bd0-89a5-4927-b7e4-045c4aef3e2b','LRELAT',3);
INSERT INTO diagnostic_responses (diagnostic_id,rater_id,question_code,score) VALUES ('1d383b44-e8f3-4aa6-afd5-95500d3989be','5a473bd0-89a5-4927-b7e4-045c4aef3e2b','D1',8);
INSERT INTO diagnostic_responses (diagnostic_id,rater_id,question_code,text_response) VALUES ('1d383b44-e8f3-4aa6-afd5-95500d3989be','5a473bd0-89a5-4927-b7e4-045c4aef3e2b','LSTART_TRUST','Focus more on what can be improved or shifted as opposed to blaming what cannot be changed or is out of their control.');
INSERT INTO diagnostic_responses (diagnostic_id,rater_id,question_code,text_response) VALUES ('1d383b44-e8f3-4aa6-afd5-95500d3989be','5a473bd0-89a5-4927-b7e4-045c4aef3e2b','LSTOP_INIT','Over correcting for minor missteps, mistakes, or different methods that have minimal to no impact.');
INSERT INTO diagnostic_responses (diagnostic_id,rater_id,question_code,text_response) VALUES ('1d383b44-e8f3-4aa6-afd5-95500d3989be','5a473bd0-89a5-4927-b7e4-045c4aef3e2b','LCONT_PROD','Allowing autonomy. The lack of micromanagement is motivating and encouraging.');
INSERT INTO diagnostic_responses (diagnostic_id,rater_id,question_code,text_response) VALUES ('1d383b44-e8f3-4aa6-afd5-95500d3989be','5a473bd0-89a5-4927-b7e4-045c4aef3e2b','LSTOP_COMM','Trying to find the best way or time to communicate something difficult. She is kind and caring and that is enough to soften the blow of whatever the difficult conversation is.');
INSERT INTO diagnostic_responses (diagnostic_id,rater_id,question_code,text_response) VALUES ('1d383b44-e8f3-4aa6-afd5-95500d3989be','5a473bd0-89a5-4927-b7e4-045c4aef3e2b','LCREATIVE','Self funding health insurance');
INSERT INTO diagnostic_responses (diagnostic_id,rater_id,question_code,text_response) VALUES ('1d383b44-e8f3-4aa6-afd5-95500d3989be','5a473bd0-89a5-4927-b7e4-045c4aef3e2b','LSTART_IMPACT','Focus on what she has control of and try to stay more positive overall.');
INSERT INTO diagnostic_responses (diagnostic_id,rater_id,question_code,text_response) VALUES ('1d383b44-e8f3-4aa6-afd5-95500d3989be','5a473bd0-89a5-4927-b7e4-045c4aef3e2b','LSTOP_IMPACT','Focusing on the potential risks or negatives.');
INSERT INTO diagnostic_responses (diagnostic_id,rater_id,question_code,text_response) VALUES ('1d383b44-e8f3-4aa6-afd5-95500d3989be','5a473bd0-89a5-4927-b7e4-045c4aef3e2b','LCONT_IMPACT','Bringing their empathy and caring perspective to the job.');
INSERT INTO diagnostic_responses (diagnostic_id,rater_id,question_code,text_response) VALUES ('1d383b44-e8f3-4aa6-afd5-95500d3989be','5a473bd0-89a5-4927-b7e4-045c4aef3e2b','LDESCRIBE','She cares deeply for her team and company and takes her job seriously. She is educated and well experienced in her field and strong resource for every team member.');
INSERT INTO diagnostic_raters (id,diagnostic_id,name,email,relationship,is_self,completed_at,created_at) VALUES ('8846efa1-8133-4eef-b282-85915cfe1847','1d383b44-e8f3-4aa6-afd5-95500d3989be','Erin Agabiti','eagabiti@wallacemontgomery.com','Peer',false,'2025-05-11T00:00:00Z','2025-05-11T00:00:00Z');
INSERT INTO diagnostic_responses (diagnostic_id,rater_id,question_code,score) VALUES ('1d383b44-e8f3-4aa6-afd5-95500d3989be','8846efa1-8133-4eef-b282-85915cfe1847','A1',3);
INSERT INTO diagnostic_responses (diagnostic_id,rater_id,question_code,score) VALUES ('1d383b44-e8f3-4aa6-afd5-95500d3989be','8846efa1-8133-4eef-b282-85915cfe1847','B1',3);
INSERT INTO diagnostic_responses (diagnostic_id,rater_id,question_code,score) VALUES ('1d383b44-e8f3-4aa6-afd5-95500d3989be','8846efa1-8133-4eef-b282-85915cfe1847','C1',4);
INSERT INTO diagnostic_responses (diagnostic_id,rater_id,question_code,score) VALUES ('1d383b44-e8f3-4aa6-afd5-95500d3989be','8846efa1-8133-4eef-b282-85915cfe1847','LCOMM',4);
INSERT INTO diagnostic_responses (diagnostic_id,rater_id,question_code,score) VALUES ('1d383b44-e8f3-4aa6-afd5-95500d3989be','8846efa1-8133-4eef-b282-85915cfe1847','LCONF',3);
INSERT INTO diagnostic_responses (diagnostic_id,rater_id,question_code,score) VALUES ('1d383b44-e8f3-4aa6-afd5-95500d3989be','8846efa1-8133-4eef-b282-85915cfe1847','LINFL',4);
INSERT INTO diagnostic_responses (diagnostic_id,rater_id,question_code,score) VALUES ('1d383b44-e8f3-4aa6-afd5-95500d3989be','8846efa1-8133-4eef-b282-85915cfe1847','LDEV',4);
INSERT INTO diagnostic_responses (diagnostic_id,rater_id,question_code,score) VALUES ('1d383b44-e8f3-4aa6-afd5-95500d3989be','8846efa1-8133-4eef-b282-85915cfe1847','LSELF',5);
INSERT INTO diagnostic_responses (diagnostic_id,rater_id,question_code,score) VALUES ('1d383b44-e8f3-4aa6-afd5-95500d3989be','8846efa1-8133-4eef-b282-85915cfe1847','LSTRAT',4);
INSERT INTO diagnostic_responses (diagnostic_id,rater_id,question_code,score) VALUES ('1d383b44-e8f3-4aa6-afd5-95500d3989be','8846efa1-8133-4eef-b282-85915cfe1847','LCOLLAB',4);
INSERT INTO diagnostic_responses (diagnostic_id,rater_id,question_code,score) VALUES ('1d383b44-e8f3-4aa6-afd5-95500d3989be','8846efa1-8133-4eef-b282-85915cfe1847','LACCT',3);
INSERT INTO diagnostic_responses (diagnostic_id,rater_id,question_code,score) VALUES ('1d383b44-e8f3-4aa6-afd5-95500d3989be','8846efa1-8133-4eef-b282-85915cfe1847','LEXPECT',5);
INSERT INTO diagnostic_responses (diagnostic_id,rater_id,question_code,score) VALUES ('1d383b44-e8f3-4aa6-afd5-95500d3989be','8846efa1-8133-4eef-b282-85915cfe1847','LCRISIS',4);
INSERT INTO diagnostic_responses (diagnostic_id,rater_id,question_code,score) VALUES ('1d383b44-e8f3-4aa6-afd5-95500d3989be','8846efa1-8133-4eef-b282-85915cfe1847','LINSPIRE',5);
INSERT INTO diagnostic_responses (diagnostic_id,rater_id,question_code,score) VALUES ('1d383b44-e8f3-4aa6-afd5-95500d3989be','8846efa1-8133-4eef-b282-85915cfe1847','LRELAT',5);
INSERT INTO diagnostic_responses (diagnostic_id,rater_id,question_code,score) VALUES ('1d383b44-e8f3-4aa6-afd5-95500d3989be','8846efa1-8133-4eef-b282-85915cfe1847','D1',8);
INSERT INTO diagnostic_responses (diagnostic_id,rater_id,question_code,text_response) VALUES ('1d383b44-e8f3-4aa6-afd5-95500d3989be','8846efa1-8133-4eef-b282-85915cfe1847','LSTART_TRUST','Transparency within departments and more regular feedback during processes and transitions');
INSERT INTO diagnostic_responses (diagnostic_id,rater_id,question_code,text_response) VALUES ('1d383b44-e8f3-4aa6-afd5-95500d3989be','8846efa1-8133-4eef-b282-85915cfe1847','LSTOP_INIT','Implementing or making decisions without sharing or explaining to team members');
INSERT INTO diagnostic_responses (diagnostic_id,rater_id,question_code,text_response) VALUES ('1d383b44-e8f3-4aa6-afd5-95500d3989be','8846efa1-8133-4eef-b282-85915cfe1847','LCONT_PROD','Being authentic and trusting of their team');
INSERT INTO diagnostic_responses (diagnostic_id,rater_id,question_code,text_response) VALUES ('1d383b44-e8f3-4aa6-afd5-95500d3989be','8846efa1-8133-4eef-b282-85915cfe1847','LSTOP_COMM','Communicating reactively or in high tense situations');
INSERT INTO diagnostic_responses (diagnostic_id,rater_id,question_code,text_response) VALUES ('1d383b44-e8f3-4aa6-afd5-95500d3989be','8846efa1-8133-4eef-b282-85915cfe1847','LCREATIVE','Give the team autonomy to complete projects they are passionate about along with the chance for team members to think for themselves during situations');
INSERT INTO diagnostic_responses (diagnostic_id,rater_id,question_code,text_response) VALUES ('1d383b44-e8f3-4aa6-afd5-95500d3989be','8846efa1-8133-4eef-b282-85915cfe1847','LSTART_IMPACT','Be open minded to process changes');
INSERT INTO diagnostic_responses (diagnostic_id,rater_id,question_code,text_response) VALUES ('1d383b44-e8f3-4aa6-afd5-95500d3989be','8846efa1-8133-4eef-b282-85915cfe1847','LSTOP_IMPACT','Jumping in to solve problems on behalf of the team instead of encouraging their team or working with the team to find solutions that everyone can learn from');
INSERT INTO diagnostic_responses (diagnostic_id,rater_id,question_code,text_response) VALUES ('1d383b44-e8f3-4aa6-afd5-95500d3989be','8846efa1-8133-4eef-b282-85915cfe1847','LCONT_IMPACT','Providing personal feedback regularly - it''s encouraging and pushes individuals to keep doing better');
INSERT INTO diagnostic_responses (diagnostic_id,rater_id,question_code,text_response) VALUES ('1d383b44-e8f3-4aa6-afd5-95500d3989be','8846efa1-8133-4eef-b282-85915cfe1847','LDESCRIBE','Thoughtful, dependable and always gives support professionally and personally when needed.');
INSERT INTO diagnostic_raters (id,diagnostic_id,name,email,relationship,is_self,completed_at,created_at) VALUES ('ebd0b85f-9105-4853-93dc-16d43314704a','1d383b44-e8f3-4aa6-afd5-95500d3989be','Elizabeth Brusio','ebrusio@wallacemontgomery.com','Peer',false,'2025-05-11T00:00:00Z','2025-05-11T00:00:00Z');
INSERT INTO diagnostic_responses (diagnostic_id,rater_id,question_code,score) VALUES ('1d383b44-e8f3-4aa6-afd5-95500d3989be','ebd0b85f-9105-4853-93dc-16d43314704a','A1',4);
INSERT INTO diagnostic_responses (diagnostic_id,rater_id,question_code,score) VALUES ('1d383b44-e8f3-4aa6-afd5-95500d3989be','ebd0b85f-9105-4853-93dc-16d43314704a','B1',3);
INSERT INTO diagnostic_responses (diagnostic_id,rater_id,question_code,score) VALUES ('1d383b44-e8f3-4aa6-afd5-95500d3989be','ebd0b85f-9105-4853-93dc-16d43314704a','C1',4);
INSERT INTO diagnostic_responses (diagnostic_id,rater_id,question_code,score) VALUES ('1d383b44-e8f3-4aa6-afd5-95500d3989be','ebd0b85f-9105-4853-93dc-16d43314704a','LCOMM',5);
INSERT INTO diagnostic_responses (diagnostic_id,rater_id,question_code,score) VALUES ('1d383b44-e8f3-4aa6-afd5-95500d3989be','ebd0b85f-9105-4853-93dc-16d43314704a','LCONF',5);
INSERT INTO diagnostic_responses (diagnostic_id,rater_id,question_code,score) VALUES ('1d383b44-e8f3-4aa6-afd5-95500d3989be','ebd0b85f-9105-4853-93dc-16d43314704a','LINFL',3);
INSERT INTO diagnostic_responses (diagnostic_id,rater_id,question_code,score) VALUES ('1d383b44-e8f3-4aa6-afd5-95500d3989be','ebd0b85f-9105-4853-93dc-16d43314704a','LDEV',3);
INSERT INTO diagnostic_responses (diagnostic_id,rater_id,question_code,score) VALUES ('1d383b44-e8f3-4aa6-afd5-95500d3989be','ebd0b85f-9105-4853-93dc-16d43314704a','LSELF',5);
INSERT INTO diagnostic_responses (diagnostic_id,rater_id,question_code,score) VALUES ('1d383b44-e8f3-4aa6-afd5-95500d3989be','ebd0b85f-9105-4853-93dc-16d43314704a','LSTRAT',3);
INSERT INTO diagnostic_responses (diagnostic_id,rater_id,question_code,score) VALUES ('1d383b44-e8f3-4aa6-afd5-95500d3989be','ebd0b85f-9105-4853-93dc-16d43314704a','LCOLLAB',3);
INSERT INTO diagnostic_responses (diagnostic_id,rater_id,question_code,score) VALUES ('1d383b44-e8f3-4aa6-afd5-95500d3989be','ebd0b85f-9105-4853-93dc-16d43314704a','LACCT',3);
INSERT INTO diagnostic_responses (diagnostic_id,rater_id,question_code,score) VALUES ('1d383b44-e8f3-4aa6-afd5-95500d3989be','ebd0b85f-9105-4853-93dc-16d43314704a','LEXPECT',4);
INSERT INTO diagnostic_responses (diagnostic_id,rater_id,question_code,score) VALUES ('1d383b44-e8f3-4aa6-afd5-95500d3989be','ebd0b85f-9105-4853-93dc-16d43314704a','LCRISIS',5);
INSERT INTO diagnostic_responses (diagnostic_id,rater_id,question_code,score) VALUES ('1d383b44-e8f3-4aa6-afd5-95500d3989be','ebd0b85f-9105-4853-93dc-16d43314704a','LINSPIRE',3);
INSERT INTO diagnostic_responses (diagnostic_id,rater_id,question_code,score) VALUES ('1d383b44-e8f3-4aa6-afd5-95500d3989be','ebd0b85f-9105-4853-93dc-16d43314704a','LRELAT',3);
INSERT INTO diagnostic_responses (diagnostic_id,rater_id,question_code,score) VALUES ('1d383b44-e8f3-4aa6-afd5-95500d3989be','ebd0b85f-9105-4853-93dc-16d43314704a','D1',6);
INSERT INTO diagnostic_responses (diagnostic_id,rater_id,question_code,text_response) VALUES ('1d383b44-e8f3-4aa6-afd5-95500d3989be','ebd0b85f-9105-4853-93dc-16d43314704a','LSTART_TRUST','Sharing relevant information');
INSERT INTO diagnostic_responses (diagnostic_id,rater_id,question_code,text_response) VALUES ('1d383b44-e8f3-4aa6-afd5-95500d3989be','ebd0b85f-9105-4853-93dc-16d43314704a','LSTOP_INIT','not sure');
INSERT INTO diagnostic_responses (diagnostic_id,rater_id,question_code,text_response) VALUES ('1d383b44-e8f3-4aa6-afd5-95500d3989be','ebd0b85f-9105-4853-93dc-16d43314704a','LCONT_PROD','Continue to delegate work to others and follow-up on progress');
INSERT INTO diagnostic_responses (diagnostic_id,rater_id,question_code,text_response) VALUES ('1d383b44-e8f3-4aa6-afd5-95500d3989be','ebd0b85f-9105-4853-93dc-16d43314704a','LSTOP_COMM','not sure');
INSERT INTO diagnostic_responses (diagnostic_id,rater_id,question_code,text_response) VALUES ('1d383b44-e8f3-4aa6-afd5-95500d3989be','ebd0b85f-9105-4853-93dc-16d43314704a','LCREATIVE','Allowing various team members to lead specific initiatives');
INSERT INTO diagnostic_responses (diagnostic_id,rater_id,question_code,text_response) VALUES ('1d383b44-e8f3-4aa6-afd5-95500d3989be','ebd0b85f-9105-4853-93dc-16d43314704a','LSTART_IMPACT','Ensure the review process is comprehensive and complete; directions are clear and concise; and allow more time for the process to be completed');
INSERT INTO diagnostic_responses (diagnostic_id,rater_id,question_code,text_response) VALUES ('1d383b44-e8f3-4aa6-afd5-95500d3989be','ebd0b85f-9105-4853-93dc-16d43314704a','LSTOP_IMPACT','Stop sharing confidential information with the partners and others');
INSERT INTO diagnostic_responses (diagnostic_id,rater_id,question_code,text_response) VALUES ('1d383b44-e8f3-4aa6-afd5-95500d3989be','ebd0b85f-9105-4853-93dc-16d43314704a','LCONT_IMPACT','Answering questions in a timely manner');
INSERT INTO diagnostic_responses (diagnostic_id,rater_id,question_code,text_response) VALUES ('1d383b44-e8f3-4aa6-afd5-95500d3989be','ebd0b85f-9105-4853-93dc-16d43314704a','LDESCRIBE','professional and direct');
INSERT INTO diagnostic_raters (id,diagnostic_id,name,email,relationship,is_self,completed_at,created_at) VALUES ('e608b289-a749-44e8-a285-da88b1e47a97','1d383b44-e8f3-4aa6-afd5-95500d3989be','David LaBella','dlabella@wallacemontgomery.com','Peer',false,'2025-05-11T00:00:00Z','2025-05-11T00:00:00Z');
INSERT INTO diagnostic_responses (diagnostic_id,rater_id,question_code,score) VALUES ('1d383b44-e8f3-4aa6-afd5-95500d3989be','e608b289-a749-44e8-a285-da88b1e47a97','A1',5);
INSERT INTO diagnostic_responses (diagnostic_id,rater_id,question_code,score) VALUES ('1d383b44-e8f3-4aa6-afd5-95500d3989be','e608b289-a749-44e8-a285-da88b1e47a97','B1',4);
INSERT INTO diagnostic_responses (diagnostic_id,rater_id,question_code,score) VALUES ('1d383b44-e8f3-4aa6-afd5-95500d3989be','e608b289-a749-44e8-a285-da88b1e47a97','C1',5);
INSERT INTO diagnostic_responses (diagnostic_id,rater_id,question_code,score) VALUES ('1d383b44-e8f3-4aa6-afd5-95500d3989be','e608b289-a749-44e8-a285-da88b1e47a97','LCOMM',4);
INSERT INTO diagnostic_responses (diagnostic_id,rater_id,question_code,score) VALUES ('1d383b44-e8f3-4aa6-afd5-95500d3989be','e608b289-a749-44e8-a285-da88b1e47a97','LCONF',5);
INSERT INTO diagnostic_responses (diagnostic_id,rater_id,question_code,score) VALUES ('1d383b44-e8f3-4aa6-afd5-95500d3989be','e608b289-a749-44e8-a285-da88b1e47a97','LINFL',4);
INSERT INTO diagnostic_responses (diagnostic_id,rater_id,question_code,score) VALUES ('1d383b44-e8f3-4aa6-afd5-95500d3989be','e608b289-a749-44e8-a285-da88b1e47a97','LDEV',4);
INSERT INTO diagnostic_responses (diagnostic_id,rater_id,question_code,score) VALUES ('1d383b44-e8f3-4aa6-afd5-95500d3989be','e608b289-a749-44e8-a285-da88b1e47a97','LSELF',5);
INSERT INTO diagnostic_responses (diagnostic_id,rater_id,question_code,score) VALUES ('1d383b44-e8f3-4aa6-afd5-95500d3989be','e608b289-a749-44e8-a285-da88b1e47a97','LSTRAT',4);
INSERT INTO diagnostic_responses (diagnostic_id,rater_id,question_code,score) VALUES ('1d383b44-e8f3-4aa6-afd5-95500d3989be','e608b289-a749-44e8-a285-da88b1e47a97','LCOLLAB',4);
INSERT INTO diagnostic_responses (diagnostic_id,rater_id,question_code,score) VALUES ('1d383b44-e8f3-4aa6-afd5-95500d3989be','e608b289-a749-44e8-a285-da88b1e47a97','LACCT',4);
INSERT INTO diagnostic_responses (diagnostic_id,rater_id,question_code,score) VALUES ('1d383b44-e8f3-4aa6-afd5-95500d3989be','e608b289-a749-44e8-a285-da88b1e47a97','LEXPECT',4);
INSERT INTO diagnostic_responses (diagnostic_id,rater_id,question_code,score) VALUES ('1d383b44-e8f3-4aa6-afd5-95500d3989be','e608b289-a749-44e8-a285-da88b1e47a97','LCRISIS',5);
INSERT INTO diagnostic_responses (diagnostic_id,rater_id,question_code,score) VALUES ('1d383b44-e8f3-4aa6-afd5-95500d3989be','e608b289-a749-44e8-a285-da88b1e47a97','LINSPIRE',4);
INSERT INTO diagnostic_responses (diagnostic_id,rater_id,question_code,score) VALUES ('1d383b44-e8f3-4aa6-afd5-95500d3989be','e608b289-a749-44e8-a285-da88b1e47a97','LRELAT',4);
INSERT INTO diagnostic_responses (diagnostic_id,rater_id,question_code,score) VALUES ('1d383b44-e8f3-4aa6-afd5-95500d3989be','e608b289-a749-44e8-a285-da88b1e47a97','D1',9);
INSERT INTO diagnostic_responses (diagnostic_id,rater_id,question_code,text_response) VALUES ('1d383b44-e8f3-4aa6-afd5-95500d3989be','e608b289-a749-44e8-a285-da88b1e47a97','LSTART_TRUST','Open feedback to her colleagues.');
INSERT INTO diagnostic_responses (diagnostic_id,rater_id,question_code,text_response) VALUES ('1d383b44-e8f3-4aa6-afd5-95500d3989be','e608b289-a749-44e8-a285-da88b1e47a97','LSTOP_INIT','Increase empowerment');
INSERT INTO diagnostic_responses (diagnostic_id,rater_id,question_code,text_response) VALUES ('1d383b44-e8f3-4aa6-afd5-95500d3989be','e608b289-a749-44e8-a285-da88b1e47a97','LCONT_PROD','Encourage training.');
INSERT INTO diagnostic_responses (diagnostic_id,rater_id,question_code,text_response) VALUES ('1d383b44-e8f3-4aa6-afd5-95500d3989be','e608b289-a749-44e8-a285-da88b1e47a97','LSTOP_COMM','Speak constructively to staff.');
INSERT INTO diagnostic_responses (diagnostic_id,rater_id,question_code,text_response) VALUES ('1d383b44-e8f3-4aa6-afd5-95500d3989be','e608b289-a749-44e8-a285-da88b1e47a97','LCREATIVE','Roundtable, open discussions.');
INSERT INTO diagnostic_responses (diagnostic_id,rater_id,question_code,text_response) VALUES ('1d383b44-e8f3-4aa6-afd5-95500d3989be','e608b289-a749-44e8-a285-da88b1e47a97','LSTART_IMPACT','Assert herself with Partners.');
INSERT INTO diagnostic_responses (diagnostic_id,rater_id,question_code,text_response) VALUES ('1d383b44-e8f3-4aa6-afd5-95500d3989be','e608b289-a749-44e8-a285-da88b1e47a97','LSTOP_IMPACT','N/A');
INSERT INTO diagnostic_responses (diagnostic_id,rater_id,question_code,text_response) VALUES ('1d383b44-e8f3-4aa6-afd5-95500d3989be','e608b289-a749-44e8-a285-da88b1e47a97','LCONT_IMPACT','Practice honesty.');
INSERT INTO diagnostic_responses (diagnostic_id,rater_id,question_code,text_response) VALUES ('1d383b44-e8f3-4aa6-afd5-95500d3989be','e608b289-a749-44e8-a285-da88b1e47a97','LDESCRIBE','Honest, diplomatic');
INSERT INTO diagnostic_raters (id,diagnostic_id,name,email,relationship,is_self,completed_at,created_at) VALUES ('b9264edb-3da1-4b5c-b9df-38136aaf057f','1d383b44-e8f3-4aa6-afd5-95500d3989be','Greta Kessler','greta.kessler@marshmma.com','Key Customer',false,'2025-05-11T00:00:00Z','2025-05-11T00:00:00Z');
INSERT INTO diagnostic_responses (diagnostic_id,rater_id,question_code,score) VALUES ('1d383b44-e8f3-4aa6-afd5-95500d3989be','b9264edb-3da1-4b5c-b9df-38136aaf057f','A1',5);
INSERT INTO diagnostic_responses (diagnostic_id,rater_id,question_code,score) VALUES ('1d383b44-e8f3-4aa6-afd5-95500d3989be','b9264edb-3da1-4b5c-b9df-38136aaf057f','B1',5);
INSERT INTO diagnostic_responses (diagnostic_id,rater_id,question_code,score) VALUES ('1d383b44-e8f3-4aa6-afd5-95500d3989be','b9264edb-3da1-4b5c-b9df-38136aaf057f','C1',4);
INSERT INTO diagnostic_responses (diagnostic_id,rater_id,question_code,score) VALUES ('1d383b44-e8f3-4aa6-afd5-95500d3989be','b9264edb-3da1-4b5c-b9df-38136aaf057f','LCOMM',5);
INSERT INTO diagnostic_responses (diagnostic_id,rater_id,question_code,score) VALUES ('1d383b44-e8f3-4aa6-afd5-95500d3989be','b9264edb-3da1-4b5c-b9df-38136aaf057f','LCONF',4);
INSERT INTO diagnostic_responses (diagnostic_id,rater_id,question_code,score) VALUES ('1d383b44-e8f3-4aa6-afd5-95500d3989be','b9264edb-3da1-4b5c-b9df-38136aaf057f','LINFL',5);
INSERT INTO diagnostic_responses (diagnostic_id,rater_id,question_code,score) VALUES ('1d383b44-e8f3-4aa6-afd5-95500d3989be','b9264edb-3da1-4b5c-b9df-38136aaf057f','LDEV',5);
INSERT INTO diagnostic_responses (diagnostic_id,rater_id,question_code,score) VALUES ('1d383b44-e8f3-4aa6-afd5-95500d3989be','b9264edb-3da1-4b5c-b9df-38136aaf057f','LSELF',5);
INSERT INTO diagnostic_responses (diagnostic_id,rater_id,question_code,score) VALUES ('1d383b44-e8f3-4aa6-afd5-95500d3989be','b9264edb-3da1-4b5c-b9df-38136aaf057f','LSTRAT',5);
INSERT INTO diagnostic_responses (diagnostic_id,rater_id,question_code,score) VALUES ('1d383b44-e8f3-4aa6-afd5-95500d3989be','b9264edb-3da1-4b5c-b9df-38136aaf057f','LCOLLAB',5);
INSERT INTO diagnostic_responses (diagnostic_id,rater_id,question_code,score) VALUES ('1d383b44-e8f3-4aa6-afd5-95500d3989be','b9264edb-3da1-4b5c-b9df-38136aaf057f','LACCT',5);
INSERT INTO diagnostic_responses (diagnostic_id,rater_id,question_code,score) VALUES ('1d383b44-e8f3-4aa6-afd5-95500d3989be','b9264edb-3da1-4b5c-b9df-38136aaf057f','LEXPECT',5);
INSERT INTO diagnostic_responses (diagnostic_id,rater_id,question_code,score) VALUES ('1d383b44-e8f3-4aa6-afd5-95500d3989be','b9264edb-3da1-4b5c-b9df-38136aaf057f','LCRISIS',5);
INSERT INTO diagnostic_responses (diagnostic_id,rater_id,question_code,score) VALUES ('1d383b44-e8f3-4aa6-afd5-95500d3989be','b9264edb-3da1-4b5c-b9df-38136aaf057f','LINSPIRE',5);
INSERT INTO diagnostic_responses (diagnostic_id,rater_id,question_code,score) VALUES ('1d383b44-e8f3-4aa6-afd5-95500d3989be','b9264edb-3da1-4b5c-b9df-38136aaf057f','LRELAT',5);
INSERT INTO diagnostic_responses (diagnostic_id,rater_id,question_code,score) VALUES ('1d383b44-e8f3-4aa6-afd5-95500d3989be','b9264edb-3da1-4b5c-b9df-38136aaf057f','D1',5);
INSERT INTO diagnostic_responses (diagnostic_id,rater_id,question_code,text_response) VALUES ('1d383b44-e8f3-4aa6-afd5-95500d3989be','b9264edb-3da1-4b5c-b9df-38136aaf057f','LSTART_TRUST','As an outside 3rd party I am unsure how to answer. In my experience, Heather understands how to make a business case for change. Doing so requires a level of transparency with leadership, gaining trust with factual detail - financials, etc. and engaging her team to execute. In my relationship with Heather, I watched her achieve all these things while elevating the role and skills in a more junior HR team member. Once less seasoned team members grasped concepts and showed proficiency, Heather fostered their growth with increasing responsibiity and independence. From the outside, her team trusted her and respected her, which included leadership.');
INSERT INTO diagnostic_responses (diagnostic_id,rater_id,question_code,text_response) VALUES ('1d383b44-e8f3-4aa6-afd5-95500d3989be','b9264edb-3da1-4b5c-b9df-38136aaf057f','LSTOP_INIT','I cannot speak to internal hinderances.');
INSERT INTO diagnostic_responses (diagnostic_id,rater_id,question_code,text_response) VALUES ('1d383b44-e8f3-4aa6-afd5-95500d3989be','b9264edb-3da1-4b5c-b9df-38136aaf057f','LCONT_PROD','Remaining a mentor leader and entrusting team members to execute more responsibility');
INSERT INTO diagnostic_responses (diagnostic_id,rater_id,question_code,text_response) VALUES ('1d383b44-e8f3-4aa6-afd5-95500d3989be','b9264edb-3da1-4b5c-b9df-38136aaf057f','LSTOP_COMM','As an external partner, Heather''s goals and objectives for the organization were always clearly communicated. She navigates shifting priorities well also, which can be challenging for effective leadership.');
INSERT INTO diagnostic_responses (diagnostic_id,rater_id,question_code,text_response) VALUES ('1d383b44-e8f3-4aa6-afd5-95500d3989be','b9264edb-3da1-4b5c-b9df-38136aaf057f','LCREATIVE','From an external perspective, Heather seemed to be a concensus builder within my capacity working with her. My experience was with her and the WMA benefits committee. I witnessed her comittment that all stakeholders had what they needed to make the best decisions for the business. Heather took the time to ensure she understood and prepared for differing stakeholder priorities. Without creativity or innovative ways of thinking, she could not have been effective.');
INSERT INTO diagnostic_responses (diagnostic_id,rater_id,question_code,text_response) VALUES ('1d383b44-e8f3-4aa6-afd5-95500d3989be','b9264edb-3da1-4b5c-b9df-38136aaf057f','LSTART_IMPACT','Public speaking - sharing experiences and navigated challenges to increase professional visibility; possibly through SHRM, ASEC');
INSERT INTO diagnostic_responses (diagnostic_id,rater_id,question_code,text_response) VALUES ('1d383b44-e8f3-4aa6-afd5-95500d3989be','b9264edb-3da1-4b5c-b9df-38136aaf057f','LSTOP_IMPACT','If resources allow, less time on tactical administrative work - Heather is strategic, and an asset to any organization using that skills base');
INSERT INTO diagnostic_responses (diagnostic_id,rater_id,question_code,text_response) VALUES ('1d383b44-e8f3-4aa6-afd5-95500d3989be','b9264edb-3da1-4b5c-b9df-38136aaf057f','LCONT_IMPACT','Servant leadership - grooming her team for growth and high competency');
INSERT INTO diagnostic_responses (diagnostic_id,rater_id,question_code,text_response) VALUES ('1d383b44-e8f3-4aa6-afd5-95500d3989be','b9264edb-3da1-4b5c-b9df-38136aaf057f','LDESCRIBE','Rare - It is difficult to find someone in HR who grasps C-Suite business acumen, labor/employment, compliance and day to day employee relations. Heather is among the sharpest people with whom I have ever worked. Her grasp of financials was so refreshing.');
INSERT INTO diagnostics (id,client_id,client_name,client_email,client_org,tier,status,impact_scale,start_date,close_date,survey_closed_at,raters_finalized_at,all_raters_complete_at,intake_notes,created_at) VALUES ('7ff06448-d55c-450a-ac62-b4f024a45b7f','deb20d0a-3940-4a4d-b80d-f045be29081a','David Winjum','david.winjum@ped.nm.gov','New Mexico Public Education Department','standard','report_final',10,'2025-04-26','2025-04-26','2025-04-26T00:00:00Z','2025-04-26T00:00:00Z','2025-04-26T00:00:00Z','Legacy 360 import (prior instrument, different question set). Pillars mapped A/B/C; extra dimensions stored as L* codes.','2025-04-26T00:00:00Z');
INSERT INTO diagnostic_raters (id,diagnostic_id,name,email,relationship,is_self,completed_at,created_at) VALUES ('17677056-94f4-49a4-a4d1-2841c51a99c5','7ff06448-d55c-450a-ac62-b4f024a45b7f','Andrew Wyman','andrew.wyman@demingps.org','External Partner',false,'2025-04-26T00:00:00Z','2025-04-26T00:00:00Z');
INSERT INTO diagnostic_responses (diagnostic_id,rater_id,question_code,score) VALUES ('7ff06448-d55c-450a-ac62-b4f024a45b7f','17677056-94f4-49a4-a4d1-2841c51a99c5','A1',4);
INSERT INTO diagnostic_responses (diagnostic_id,rater_id,question_code,score) VALUES ('7ff06448-d55c-450a-ac62-b4f024a45b7f','17677056-94f4-49a4-a4d1-2841c51a99c5','B1',4);
INSERT INTO diagnostic_responses (diagnostic_id,rater_id,question_code,score) VALUES ('7ff06448-d55c-450a-ac62-b4f024a45b7f','17677056-94f4-49a4-a4d1-2841c51a99c5','B2',4);
INSERT INTO diagnostic_responses (diagnostic_id,rater_id,question_code,score) VALUES ('7ff06448-d55c-450a-ac62-b4f024a45b7f','17677056-94f4-49a4-a4d1-2841c51a99c5','B3',5);
INSERT INTO diagnostic_responses (diagnostic_id,rater_id,question_code,score) VALUES ('7ff06448-d55c-450a-ac62-b4f024a45b7f','17677056-94f4-49a4-a4d1-2841c51a99c5','C1',5);
INSERT INTO diagnostic_responses (diagnostic_id,rater_id,question_code,score) VALUES ('7ff06448-d55c-450a-ac62-b4f024a45b7f','17677056-94f4-49a4-a4d1-2841c51a99c5','LCOMM',4);
INSERT INTO diagnostic_responses (diagnostic_id,rater_id,question_code,score) VALUES ('7ff06448-d55c-450a-ac62-b4f024a45b7f','17677056-94f4-49a4-a4d1-2841c51a99c5','LCONF',4);
INSERT INTO diagnostic_responses (diagnostic_id,rater_id,question_code,score) VALUES ('7ff06448-d55c-450a-ac62-b4f024a45b7f','17677056-94f4-49a4-a4d1-2841c51a99c5','LINFL',4);
INSERT INTO diagnostic_responses (diagnostic_id,rater_id,question_code,score) VALUES ('7ff06448-d55c-450a-ac62-b4f024a45b7f','17677056-94f4-49a4-a4d1-2841c51a99c5','LDEV',4);
INSERT INTO diagnostic_responses (diagnostic_id,rater_id,question_code,score) VALUES ('7ff06448-d55c-450a-ac62-b4f024a45b7f','17677056-94f4-49a4-a4d1-2841c51a99c5','LSELF',4);
INSERT INTO diagnostic_responses (diagnostic_id,rater_id,question_code,score) VALUES ('7ff06448-d55c-450a-ac62-b4f024a45b7f','17677056-94f4-49a4-a4d1-2841c51a99c5','LSTRAT',4);
INSERT INTO diagnostic_responses (diagnostic_id,rater_id,question_code,score) VALUES ('7ff06448-d55c-450a-ac62-b4f024a45b7f','17677056-94f4-49a4-a4d1-2841c51a99c5','LCOLLAB',4);
INSERT INTO diagnostic_responses (diagnostic_id,rater_id,question_code,score) VALUES ('7ff06448-d55c-450a-ac62-b4f024a45b7f','17677056-94f4-49a4-a4d1-2841c51a99c5','LACCT',4);
INSERT INTO diagnostic_responses (diagnostic_id,rater_id,question_code,score) VALUES ('7ff06448-d55c-450a-ac62-b4f024a45b7f','17677056-94f4-49a4-a4d1-2841c51a99c5','LEXPECT',3);
INSERT INTO diagnostic_responses (diagnostic_id,rater_id,question_code,score) VALUES ('7ff06448-d55c-450a-ac62-b4f024a45b7f','17677056-94f4-49a4-a4d1-2841c51a99c5','LCRISIS',5);
INSERT INTO diagnostic_responses (diagnostic_id,rater_id,question_code,score) VALUES ('7ff06448-d55c-450a-ac62-b4f024a45b7f','17677056-94f4-49a4-a4d1-2841c51a99c5','LINSPIRE',3);
INSERT INTO diagnostic_responses (diagnostic_id,rater_id,question_code,score) VALUES ('7ff06448-d55c-450a-ac62-b4f024a45b7f','17677056-94f4-49a4-a4d1-2841c51a99c5','LRELAT',4);
INSERT INTO diagnostic_responses (diagnostic_id,rater_id,question_code,score) VALUES ('7ff06448-d55c-450a-ac62-b4f024a45b7f','17677056-94f4-49a4-a4d1-2841c51a99c5','D1',8);
INSERT INTO diagnostic_responses (diagnostic_id,rater_id,question_code,text_response) VALUES ('7ff06448-d55c-450a-ac62-b4f024a45b7f','17677056-94f4-49a4-a4d1-2841c51a99c5','LSTART_TRUST','While he is incredibly authentic, I believe he could benefit from more frequent communication.');
INSERT INTO diagnostic_responses (diagnostic_id,rater_id,question_code,text_response) VALUES ('7ff06448-d55c-450a-ac62-b4f024a45b7f','17677056-94f4-49a4-a4d1-2841c51a99c5','LSTOP_INIT','He could stop overthinking the perspectives of others including his superiors. He''s got what it takes.');
INSERT INTO diagnostic_responses (diagnostic_id,rater_id,question_code,text_response) VALUES ('7ff06448-d55c-450a-ac62-b4f024a45b7f','17677056-94f4-49a4-a4d1-2841c51a99c5','LCONT_PROD','Transparency is an obvious goal of his - continue that.');
INSERT INTO diagnostic_responses (diagnostic_id,rater_id,question_code,text_response) VALUES ('7ff06448-d55c-450a-ac62-b4f024a45b7f','17677056-94f4-49a4-a4d1-2841c51a99c5','LSTOP_COMM','He is a very clear and effective communicator, but sometimes I think he could communicate more frequently.');
INSERT INTO diagnostic_responses (diagnostic_id,rater_id,question_code,text_response) VALUES ('7ff06448-d55c-450a-ac62-b4f024a45b7f','17677056-94f4-49a4-a4d1-2841c51a99c5','LCREATIVE','I think he is definitely not worried about maintaining the status quo - he wants to continue to better the processes for NM Vistas and other accountability measures.');
INSERT INTO diagnostic_responses (diagnostic_id,rater_id,question_code,text_response) VALUES ('7ff06448-d55c-450a-ac62-b4f024a45b7f','17677056-94f4-49a4-a4d1-2841c51a99c5','LSTART_IMPACT','Start asking deeper questions of others.');
INSERT INTO diagnostic_responses (diagnostic_id,rater_id,question_code,text_response) VALUES ('7ff06448-d55c-450a-ac62-b4f024a45b7f','17677056-94f4-49a4-a4d1-2841c51a99c5','LSTOP_IMPACT','You won''t make everyone happy - don''t try to - simply do what is right.');
INSERT INTO diagnostic_responses (diagnostic_id,rater_id,question_code,text_response) VALUES ('7ff06448-d55c-450a-ac62-b4f024a45b7f','17677056-94f4-49a4-a4d1-2841c51a99c5','LCONT_IMPACT','Continue being motivated to better the systems in place.');
INSERT INTO diagnostic_responses (diagnostic_id,rater_id,question_code,text_response) VALUES ('7ff06448-d55c-450a-ac62-b4f024a45b7f','17677056-94f4-49a4-a4d1-2841c51a99c5','LDESCRIBE','He is thoughtful, intelligent, takes time to formulate wise responses to difficult questions - motivated to get it right.');
INSERT INTO diagnostic_raters (id,diagnostic_id,name,email,relationship,is_self,completed_at,created_at) VALUES ('c4570795-6240-4243-9921-02906fa1380a','7ff06448-d55c-450a-ac62-b4f024a45b7f','Lynn Vasquez','lynn.vasquez@ped.nm.gov','Supervisor',false,'2025-04-26T00:00:00Z','2025-04-26T00:00:00Z');
INSERT INTO diagnostic_responses (diagnostic_id,rater_id,question_code,score) VALUES ('7ff06448-d55c-450a-ac62-b4f024a45b7f','c4570795-6240-4243-9921-02906fa1380a','A1',4);
INSERT INTO diagnostic_responses (diagnostic_id,rater_id,question_code,score) VALUES ('7ff06448-d55c-450a-ac62-b4f024a45b7f','c4570795-6240-4243-9921-02906fa1380a','B1',3);
INSERT INTO diagnostic_responses (diagnostic_id,rater_id,question_code,score) VALUES ('7ff06448-d55c-450a-ac62-b4f024a45b7f','c4570795-6240-4243-9921-02906fa1380a','B2',3);
INSERT INTO diagnostic_responses (diagnostic_id,rater_id,question_code,score) VALUES ('7ff06448-d55c-450a-ac62-b4f024a45b7f','c4570795-6240-4243-9921-02906fa1380a','B3',5);
INSERT INTO diagnostic_responses (diagnostic_id,rater_id,question_code,score) VALUES ('7ff06448-d55c-450a-ac62-b4f024a45b7f','c4570795-6240-4243-9921-02906fa1380a','C1',3);
INSERT INTO diagnostic_responses (diagnostic_id,rater_id,question_code,score) VALUES ('7ff06448-d55c-450a-ac62-b4f024a45b7f','c4570795-6240-4243-9921-02906fa1380a','LCOMM',3);
INSERT INTO diagnostic_responses (diagnostic_id,rater_id,question_code,score) VALUES ('7ff06448-d55c-450a-ac62-b4f024a45b7f','c4570795-6240-4243-9921-02906fa1380a','LCONF',3);
INSERT INTO diagnostic_responses (diagnostic_id,rater_id,question_code,score) VALUES ('7ff06448-d55c-450a-ac62-b4f024a45b7f','c4570795-6240-4243-9921-02906fa1380a','LINFL',3);
INSERT INTO diagnostic_responses (diagnostic_id,rater_id,question_code,score) VALUES ('7ff06448-d55c-450a-ac62-b4f024a45b7f','c4570795-6240-4243-9921-02906fa1380a','LDEV',3);
INSERT INTO diagnostic_responses (diagnostic_id,rater_id,question_code,score) VALUES ('7ff06448-d55c-450a-ac62-b4f024a45b7f','c4570795-6240-4243-9921-02906fa1380a','LSELF',5);
INSERT INTO diagnostic_responses (diagnostic_id,rater_id,question_code,score) VALUES ('7ff06448-d55c-450a-ac62-b4f024a45b7f','c4570795-6240-4243-9921-02906fa1380a','LSTRAT',2);
INSERT INTO diagnostic_responses (diagnostic_id,rater_id,question_code,score) VALUES ('7ff06448-d55c-450a-ac62-b4f024a45b7f','c4570795-6240-4243-9921-02906fa1380a','LCOLLAB',3);
INSERT INTO diagnostic_responses (diagnostic_id,rater_id,question_code,score) VALUES ('7ff06448-d55c-450a-ac62-b4f024a45b7f','c4570795-6240-4243-9921-02906fa1380a','LACCT',3);
INSERT INTO diagnostic_responses (diagnostic_id,rater_id,question_code,score) VALUES ('7ff06448-d55c-450a-ac62-b4f024a45b7f','c4570795-6240-4243-9921-02906fa1380a','LEXPECT',2);
INSERT INTO diagnostic_responses (diagnostic_id,rater_id,question_code,score) VALUES ('7ff06448-d55c-450a-ac62-b4f024a45b7f','c4570795-6240-4243-9921-02906fa1380a','LCRISIS',3);
INSERT INTO diagnostic_responses (diagnostic_id,rater_id,question_code,score) VALUES ('7ff06448-d55c-450a-ac62-b4f024a45b7f','c4570795-6240-4243-9921-02906fa1380a','LINSPIRE',3);
INSERT INTO diagnostic_responses (diagnostic_id,rater_id,question_code,score) VALUES ('7ff06448-d55c-450a-ac62-b4f024a45b7f','c4570795-6240-4243-9921-02906fa1380a','LRELAT',4);
INSERT INTO diagnostic_responses (diagnostic_id,rater_id,question_code,score) VALUES ('7ff06448-d55c-450a-ac62-b4f024a45b7f','c4570795-6240-4243-9921-02906fa1380a','D1',7);
INSERT INTO diagnostic_responses (diagnostic_id,rater_id,question_code,text_response) VALUES ('7ff06448-d55c-450a-ac62-b4f024a45b7f','c4570795-6240-4243-9921-02906fa1380a','LSTART_TRUST','Learn to go beyond just caring about the data processes');
INSERT INTO diagnostic_responses (diagnostic_id,rater_id,question_code,text_response) VALUES ('7ff06448-d55c-450a-ac62-b4f024a45b7f','c4570795-6240-4243-9921-02906fa1380a','LSTOP_INIT','Build better capacity and expectations among direct reports');
INSERT INTO diagnostic_responses (diagnostic_id,rater_id,question_code,text_response) VALUES ('7ff06448-d55c-450a-ac62-b4f024a45b7f','c4570795-6240-4243-9921-02906fa1380a','LCONT_PROD','Continue to exemplify kindness and consideration vs arrogance');
INSERT INTO diagnostic_responses (diagnostic_id,rater_id,question_code,text_response) VALUES ('7ff06448-d55c-450a-ac62-b4f024a45b7f','c4570795-6240-4243-9921-02906fa1380a','LSTOP_COMM','By more directed to staff');
INSERT INTO diagnostic_responses (diagnostic_id,rater_id,question_code,text_response) VALUES ('7ff06448-d55c-450a-ac62-b4f024a45b7f','c4570795-6240-4243-9921-02906fa1380a','LCREATIVE','No answer');
INSERT INTO diagnostic_responses (diagnostic_id,rater_id,question_code,text_response) VALUES ('7ff06448-d55c-450a-ac62-b4f024a45b7f','c4570795-6240-4243-9921-02906fa1380a','LSTART_IMPACT','Complete the remainder of his year in the life smartsheet');
INSERT INTO diagnostic_responses (diagnostic_id,rater_id,question_code,text_response) VALUES ('7ff06448-d55c-450a-ac62-b4f024a45b7f','c4570795-6240-4243-9921-02906fa1380a','LSTOP_IMPACT','asking for volunteers');
INSERT INTO diagnostic_responses (diagnostic_id,rater_id,question_code,text_response) VALUES ('7ff06448-d55c-450a-ac62-b4f024a45b7f','c4570795-6240-4243-9921-02906fa1380a','LCONT_IMPACT','approacing his work with humility');
INSERT INTO diagnostic_responses (diagnostic_id,rater_id,question_code,text_response) VALUES ('7ff06448-d55c-450a-ac62-b4f024a45b7f','c4570795-6240-4243-9921-02906fa1380a','LDESCRIBE','David is conscientious about the work (product) he produces and genuinely wants to provide exceptional customer service.  He is an asset to his division and the agency.');
INSERT INTO diagnostic_raters (id,diagnostic_id,name,email,relationship,is_self,completed_at,created_at) VALUES ('96d4923d-44dc-4213-b8cd-3bd4eda491e3','7ff06448-d55c-450a-ac62-b4f024a45b7f','Tamara Burkett','Tamara.burkett@ped.nm.gov','Supervisor',false,'2025-04-26T00:00:00Z','2025-04-26T00:00:00Z');
INSERT INTO diagnostic_responses (diagnostic_id,rater_id,question_code,score) VALUES ('7ff06448-d55c-450a-ac62-b4f024a45b7f','96d4923d-44dc-4213-b8cd-3bd4eda491e3','A1',5);
INSERT INTO diagnostic_responses (diagnostic_id,rater_id,question_code,score) VALUES ('7ff06448-d55c-450a-ac62-b4f024a45b7f','96d4923d-44dc-4213-b8cd-3bd4eda491e3','B1',4);
INSERT INTO diagnostic_responses (diagnostic_id,rater_id,question_code,score) VALUES ('7ff06448-d55c-450a-ac62-b4f024a45b7f','96d4923d-44dc-4213-b8cd-3bd4eda491e3','B2',5);
INSERT INTO diagnostic_responses (diagnostic_id,rater_id,question_code,score) VALUES ('7ff06448-d55c-450a-ac62-b4f024a45b7f','96d4923d-44dc-4213-b8cd-3bd4eda491e3','B3',5);
INSERT INTO diagnostic_responses (diagnostic_id,rater_id,question_code,score) VALUES ('7ff06448-d55c-450a-ac62-b4f024a45b7f','96d4923d-44dc-4213-b8cd-3bd4eda491e3','C1',5);
INSERT INTO diagnostic_responses (diagnostic_id,rater_id,question_code,score) VALUES ('7ff06448-d55c-450a-ac62-b4f024a45b7f','96d4923d-44dc-4213-b8cd-3bd4eda491e3','LCOMM',4);
INSERT INTO diagnostic_responses (diagnostic_id,rater_id,question_code,score) VALUES ('7ff06448-d55c-450a-ac62-b4f024a45b7f','96d4923d-44dc-4213-b8cd-3bd4eda491e3','LCONF',5);
INSERT INTO diagnostic_responses (diagnostic_id,rater_id,question_code,score) VALUES ('7ff06448-d55c-450a-ac62-b4f024a45b7f','96d4923d-44dc-4213-b8cd-3bd4eda491e3','LINFL',5);
INSERT INTO diagnostic_responses (diagnostic_id,rater_id,question_code,score) VALUES ('7ff06448-d55c-450a-ac62-b4f024a45b7f','96d4923d-44dc-4213-b8cd-3bd4eda491e3','LDEV',5);
INSERT INTO diagnostic_responses (diagnostic_id,rater_id,question_code,score) VALUES ('7ff06448-d55c-450a-ac62-b4f024a45b7f','96d4923d-44dc-4213-b8cd-3bd4eda491e3','LSELF',5);
INSERT INTO diagnostic_responses (diagnostic_id,rater_id,question_code,score) VALUES ('7ff06448-d55c-450a-ac62-b4f024a45b7f','96d4923d-44dc-4213-b8cd-3bd4eda491e3','LSTRAT',5);
INSERT INTO diagnostic_responses (diagnostic_id,rater_id,question_code,score) VALUES ('7ff06448-d55c-450a-ac62-b4f024a45b7f','96d4923d-44dc-4213-b8cd-3bd4eda491e3','LCOLLAB',4);
INSERT INTO diagnostic_responses (diagnostic_id,rater_id,question_code,score) VALUES ('7ff06448-d55c-450a-ac62-b4f024a45b7f','96d4923d-44dc-4213-b8cd-3bd4eda491e3','LACCT',4);
INSERT INTO diagnostic_responses (diagnostic_id,rater_id,question_code,score) VALUES ('7ff06448-d55c-450a-ac62-b4f024a45b7f','96d4923d-44dc-4213-b8cd-3bd4eda491e3','LEXPECT',5);
INSERT INTO diagnostic_responses (diagnostic_id,rater_id,question_code,score) VALUES ('7ff06448-d55c-450a-ac62-b4f024a45b7f','96d4923d-44dc-4213-b8cd-3bd4eda491e3','LCRISIS',5);
INSERT INTO diagnostic_responses (diagnostic_id,rater_id,question_code,score) VALUES ('7ff06448-d55c-450a-ac62-b4f024a45b7f','96d4923d-44dc-4213-b8cd-3bd4eda491e3','LINSPIRE',5);
INSERT INTO diagnostic_responses (diagnostic_id,rater_id,question_code,score) VALUES ('7ff06448-d55c-450a-ac62-b4f024a45b7f','96d4923d-44dc-4213-b8cd-3bd4eda491e3','LRELAT',5);
INSERT INTO diagnostic_responses (diagnostic_id,rater_id,question_code,score) VALUES ('7ff06448-d55c-450a-ac62-b4f024a45b7f','96d4923d-44dc-4213-b8cd-3bd4eda491e3','D1',10);
INSERT INTO diagnostic_responses (diagnostic_id,rater_id,question_code,text_response) VALUES ('7ff06448-d55c-450a-ac62-b4f024a45b7f','96d4923d-44dc-4213-b8cd-3bd4eda491e3','LSTART_TRUST','I do not have enough knowledge to make a meaningful response to this.');
INSERT INTO diagnostic_responses (diagnostic_id,rater_id,question_code,text_response) VALUES ('7ff06448-d55c-450a-ac62-b4f024a45b7f','96d4923d-44dc-4213-b8cd-3bd4eda491e3','LSTOP_INIT','Collaboration with outside team.');
INSERT INTO diagnostic_responses (diagnostic_id,rater_id,question_code,text_response) VALUES ('7ff06448-d55c-450a-ac62-b4f024a45b7f','96d4923d-44dc-4213-b8cd-3bd4eda491e3','LCONT_PROD','Continue listening. This leader listens very well, which will help ensure timelines are met.');
INSERT INTO diagnostic_responses (diagnostic_id,rater_id,question_code,text_response) VALUES ('7ff06448-d55c-450a-ac62-b4f024a45b7f','96d4923d-44dc-4213-b8cd-3bd4eda491e3','LSTOP_COMM','One thing that helped was identifying the best modality for contact to receive  work. Making sure to follow up on a task if it is lower priority. I will say communication between our roles is really improving and I enjoy the collaboration.');
INSERT INTO diagnostic_responses (diagnostic_id,rater_id,question_code,text_response) VALUES ('7ff06448-d55c-450a-ac62-b4f024a45b7f','96d4923d-44dc-4213-b8cd-3bd4eda491e3','LCREATIVE','Taking the time to listen to the team members and looking outside of just their role.');
INSERT INTO diagnostic_responses (diagnostic_id,rater_id,question_code,text_response) VALUES ('7ff06448-d55c-450a-ac62-b4f024a45b7f','96d4923d-44dc-4213-b8cd-3bd4eda491e3','LSTART_IMPACT','Not enough collaboration in this area to offer feedback.');
INSERT INTO diagnostic_responses (diagnostic_id,rater_id,question_code,text_response) VALUES ('7ff06448-d55c-450a-ac62-b4f024a45b7f','96d4923d-44dc-4213-b8cd-3bd4eda491e3','LSTOP_IMPACT','Not enough collaboration in this area to offer feedback.');
INSERT INTO diagnostic_responses (diagnostic_id,rater_id,question_code,text_response) VALUES ('7ff06448-d55c-450a-ac62-b4f024a45b7f','96d4923d-44dc-4213-b8cd-3bd4eda491e3','LCONT_IMPACT','Not enough collaboration in this area to offer feedback.');
INSERT INTO diagnostic_responses (diagnostic_id,rater_id,question_code,text_response) VALUES ('7ff06448-d55c-450a-ac62-b4f024a45b7f','96d4923d-44dc-4213-b8cd-3bd4eda491e3','LDESCRIBE','Positive and forward thinking');
INSERT INTO diagnostic_raters (id,diagnostic_id,name,email,relationship,is_self,completed_at,created_at) VALUES ('d400c2da-8e89-41cd-bec0-6918e4552c73','7ff06448-d55c-450a-ac62-b4f024a45b7f','Breezy Gutierrez','Breezy.Gutierrez@ped.nm.gov','Peer',false,'2025-04-26T00:00:00Z','2025-04-26T00:00:00Z');
INSERT INTO diagnostic_responses (diagnostic_id,rater_id,question_code,score) VALUES ('7ff06448-d55c-450a-ac62-b4f024a45b7f','d400c2da-8e89-41cd-bec0-6918e4552c73','A1',5);
INSERT INTO diagnostic_responses (diagnostic_id,rater_id,question_code,score) VALUES ('7ff06448-d55c-450a-ac62-b4f024a45b7f','d400c2da-8e89-41cd-bec0-6918e4552c73','B1',4);
INSERT INTO diagnostic_responses (diagnostic_id,rater_id,question_code,score) VALUES ('7ff06448-d55c-450a-ac62-b4f024a45b7f','d400c2da-8e89-41cd-bec0-6918e4552c73','B2',3);
INSERT INTO diagnostic_responses (diagnostic_id,rater_id,question_code,score) VALUES ('7ff06448-d55c-450a-ac62-b4f024a45b7f','d400c2da-8e89-41cd-bec0-6918e4552c73','B3',5);
INSERT INTO diagnostic_responses (diagnostic_id,rater_id,question_code,score) VALUES ('7ff06448-d55c-450a-ac62-b4f024a45b7f','d400c2da-8e89-41cd-bec0-6918e4552c73','C1',4);
INSERT INTO diagnostic_responses (diagnostic_id,rater_id,question_code,score) VALUES ('7ff06448-d55c-450a-ac62-b4f024a45b7f','d400c2da-8e89-41cd-bec0-6918e4552c73','LCOMM',5);
INSERT INTO diagnostic_responses (diagnostic_id,rater_id,question_code,score) VALUES ('7ff06448-d55c-450a-ac62-b4f024a45b7f','d400c2da-8e89-41cd-bec0-6918e4552c73','LCONF',4);
INSERT INTO diagnostic_responses (diagnostic_id,rater_id,question_code,score) VALUES ('7ff06448-d55c-450a-ac62-b4f024a45b7f','d400c2da-8e89-41cd-bec0-6918e4552c73','LINFL',4);
INSERT INTO diagnostic_responses (diagnostic_id,rater_id,question_code,score) VALUES ('7ff06448-d55c-450a-ac62-b4f024a45b7f','d400c2da-8e89-41cd-bec0-6918e4552c73','LDEV',4);
INSERT INTO diagnostic_responses (diagnostic_id,rater_id,question_code,score) VALUES ('7ff06448-d55c-450a-ac62-b4f024a45b7f','d400c2da-8e89-41cd-bec0-6918e4552c73','LSELF',5);
INSERT INTO diagnostic_responses (diagnostic_id,rater_id,question_code,score) VALUES ('7ff06448-d55c-450a-ac62-b4f024a45b7f','d400c2da-8e89-41cd-bec0-6918e4552c73','LSTRAT',4);
INSERT INTO diagnostic_responses (diagnostic_id,rater_id,question_code,score) VALUES ('7ff06448-d55c-450a-ac62-b4f024a45b7f','d400c2da-8e89-41cd-bec0-6918e4552c73','LCOLLAB',4);
INSERT INTO diagnostic_responses (diagnostic_id,rater_id,question_code,score) VALUES ('7ff06448-d55c-450a-ac62-b4f024a45b7f','d400c2da-8e89-41cd-bec0-6918e4552c73','LACCT',4);
INSERT INTO diagnostic_responses (diagnostic_id,rater_id,question_code,score) VALUES ('7ff06448-d55c-450a-ac62-b4f024a45b7f','d400c2da-8e89-41cd-bec0-6918e4552c73','LEXPECT',4);
INSERT INTO diagnostic_responses (diagnostic_id,rater_id,question_code,score) VALUES ('7ff06448-d55c-450a-ac62-b4f024a45b7f','d400c2da-8e89-41cd-bec0-6918e4552c73','LCRISIS',4);
INSERT INTO diagnostic_responses (diagnostic_id,rater_id,question_code,score) VALUES ('7ff06448-d55c-450a-ac62-b4f024a45b7f','d400c2da-8e89-41cd-bec0-6918e4552c73','LINSPIRE',5);
INSERT INTO diagnostic_responses (diagnostic_id,rater_id,question_code,score) VALUES ('7ff06448-d55c-450a-ac62-b4f024a45b7f','d400c2da-8e89-41cd-bec0-6918e4552c73','LRELAT',4);
INSERT INTO diagnostic_responses (diagnostic_id,rater_id,question_code,score) VALUES ('7ff06448-d55c-450a-ac62-b4f024a45b7f','d400c2da-8e89-41cd-bec0-6918e4552c73','D1',9);
INSERT INTO diagnostic_responses (diagnostic_id,rater_id,question_code,text_response) VALUES ('7ff06448-d55c-450a-ac62-b4f024a45b7f','d400c2da-8e89-41cd-bec0-6918e4552c73','LSTART_TRUST','Follow through on commitments and provide frequent updates on projects are always a great place to start. My experience with this team member has been positive, although I cannot say that I have specifically observed or not observed this practice.');
INSERT INTO diagnostic_responses (diagnostic_id,rater_id,question_code,text_response) VALUES ('7ff06448-d55c-450a-ac62-b4f024a45b7f','d400c2da-8e89-41cd-bec0-6918e4552c73','LSTOP_INIT','Not sure, not observed this leader hindering anyone.');
INSERT INTO diagnostic_responses (diagnostic_id,rater_id,question_code,text_response) VALUES ('7ff06448-d55c-450a-ac62-b4f024a45b7f','d400c2da-8e89-41cd-bec0-6918e4552c73','LCONT_PROD','Collaborating with other bureaus');
INSERT INTO diagnostic_responses (diagnostic_id,rater_id,question_code,text_response) VALUES ('7ff06448-d55c-450a-ac62-b4f024a45b7f','d400c2da-8e89-41cd-bec0-6918e4552c73','LSTOP_COMM','Not sure');
INSERT INTO diagnostic_responses (diagnostic_id,rater_id,question_code,text_response) VALUES ('7ff06448-d55c-450a-ac62-b4f024a45b7f','d400c2da-8e89-41cd-bec0-6918e4552c73','LCREATIVE','Better data collection and improving graduation rates.');
INSERT INTO diagnostic_responses (diagnostic_id,rater_id,question_code,text_response) VALUES ('7ff06448-d55c-450a-ac62-b4f024a45b7f','d400c2da-8e89-41cd-bec0-6918e4552c73','LSTART_IMPACT','Sharing goals and priorities to align the work across teams');
INSERT INTO diagnostic_responses (diagnostic_id,rater_id,question_code,text_response) VALUES ('7ff06448-d55c-450a-ac62-b4f024a45b7f','d400c2da-8e89-41cd-bec0-6918e4552c73','LSTOP_IMPACT','N/A');
INSERT INTO diagnostic_responses (diagnostic_id,rater_id,question_code,text_response) VALUES ('7ff06448-d55c-450a-ac62-b4f024a45b7f','d400c2da-8e89-41cd-bec0-6918e4552c73','LCONT_IMPACT','Reflecting and continuos improvement to improve student outcomes');
INSERT INTO diagnostic_responses (diagnostic_id,rater_id,question_code,text_response) VALUES ('7ff06448-d55c-450a-ac62-b4f024a45b7f','d400c2da-8e89-41cd-bec0-6918e4552c73','LDESCRIBE','Intelligent, hard-working, dedicated and professional.');
INSERT INTO diagnostic_raters (id,diagnostic_id,name,email,relationship,is_self,completed_at,created_at) VALUES ('cef846d7-2c07-492e-b667-280afa09f694','7ff06448-d55c-450a-ac62-b4f024a45b7f','Laura Pinsonneault','lpinsonneault@nciea.org','External Partner',false,'2025-04-26T00:00:00Z','2025-04-26T00:00:00Z');
INSERT INTO diagnostic_responses (diagnostic_id,rater_id,question_code,score) VALUES ('7ff06448-d55c-450a-ac62-b4f024a45b7f','cef846d7-2c07-492e-b667-280afa09f694','A1',4);
INSERT INTO diagnostic_responses (diagnostic_id,rater_id,question_code,score) VALUES ('7ff06448-d55c-450a-ac62-b4f024a45b7f','cef846d7-2c07-492e-b667-280afa09f694','B1',3);
INSERT INTO diagnostic_responses (diagnostic_id,rater_id,question_code,score) VALUES ('7ff06448-d55c-450a-ac62-b4f024a45b7f','cef846d7-2c07-492e-b667-280afa09f694','B2',4);
INSERT INTO diagnostic_responses (diagnostic_id,rater_id,question_code,score) VALUES ('7ff06448-d55c-450a-ac62-b4f024a45b7f','cef846d7-2c07-492e-b667-280afa09f694','B3',3);
INSERT INTO diagnostic_responses (diagnostic_id,rater_id,question_code,score) VALUES ('7ff06448-d55c-450a-ac62-b4f024a45b7f','cef846d7-2c07-492e-b667-280afa09f694','C1',4);
INSERT INTO diagnostic_responses (diagnostic_id,rater_id,question_code,score) VALUES ('7ff06448-d55c-450a-ac62-b4f024a45b7f','cef846d7-2c07-492e-b667-280afa09f694','LCOMM',4);
INSERT INTO diagnostic_responses (diagnostic_id,rater_id,question_code,score) VALUES ('7ff06448-d55c-450a-ac62-b4f024a45b7f','cef846d7-2c07-492e-b667-280afa09f694','LCONF',3);
INSERT INTO diagnostic_responses (diagnostic_id,rater_id,question_code,score) VALUES ('7ff06448-d55c-450a-ac62-b4f024a45b7f','cef846d7-2c07-492e-b667-280afa09f694','LINFL',4);
INSERT INTO diagnostic_responses (diagnostic_id,rater_id,question_code,score) VALUES ('7ff06448-d55c-450a-ac62-b4f024a45b7f','cef846d7-2c07-492e-b667-280afa09f694','LDEV',4);
INSERT INTO diagnostic_responses (diagnostic_id,rater_id,question_code,score) VALUES ('7ff06448-d55c-450a-ac62-b4f024a45b7f','cef846d7-2c07-492e-b667-280afa09f694','LSELF',5);
INSERT INTO diagnostic_responses (diagnostic_id,rater_id,question_code,score) VALUES ('7ff06448-d55c-450a-ac62-b4f024a45b7f','cef846d7-2c07-492e-b667-280afa09f694','LSTRAT',4);
INSERT INTO diagnostic_responses (diagnostic_id,rater_id,question_code,score) VALUES ('7ff06448-d55c-450a-ac62-b4f024a45b7f','cef846d7-2c07-492e-b667-280afa09f694','LCOLLAB',3);
INSERT INTO diagnostic_responses (diagnostic_id,rater_id,question_code,score) VALUES ('7ff06448-d55c-450a-ac62-b4f024a45b7f','cef846d7-2c07-492e-b667-280afa09f694','LACCT',3);
INSERT INTO diagnostic_responses (diagnostic_id,rater_id,question_code,score) VALUES ('7ff06448-d55c-450a-ac62-b4f024a45b7f','cef846d7-2c07-492e-b667-280afa09f694','LEXPECT',4);
INSERT INTO diagnostic_responses (diagnostic_id,rater_id,question_code,score) VALUES ('7ff06448-d55c-450a-ac62-b4f024a45b7f','cef846d7-2c07-492e-b667-280afa09f694','LCRISIS',5);
INSERT INTO diagnostic_responses (diagnostic_id,rater_id,question_code,score) VALUES ('7ff06448-d55c-450a-ac62-b4f024a45b7f','cef846d7-2c07-492e-b667-280afa09f694','LINSPIRE',4);
INSERT INTO diagnostic_responses (diagnostic_id,rater_id,question_code,score) VALUES ('7ff06448-d55c-450a-ac62-b4f024a45b7f','cef846d7-2c07-492e-b667-280afa09f694','LRELAT',3);
INSERT INTO diagnostic_responses (diagnostic_id,rater_id,question_code,score) VALUES ('7ff06448-d55c-450a-ac62-b4f024a45b7f','cef846d7-2c07-492e-b667-280afa09f694','D1',9);
INSERT INTO diagnostic_responses (diagnostic_id,rater_id,question_code,text_response) VALUES ('7ff06448-d55c-450a-ac62-b4f024a45b7f','cef846d7-2c07-492e-b667-280afa09f694','LSTART_TRUST','David is a trustworthy person, and I think his colleagues and team members see this. I also think he''s already doing many things that build trust. I wonder if responsiveness may be a way for him to continue to build trust. There are organizational challenges within PED can complicate this, but the more consistency a leader can provide in replying to communications in a timely manner (even to say "I will be able to review this more closely on DATE") the more team members will trust that leader. David is pulled in a lot of different directions and often in unanticipated ways and times, so this ask is not a small one.');
INSERT INTO diagnostic_responses (diagnostic_id,rater_id,question_code,text_response) VALUES ('7ff06448-d55c-450a-ac62-b4f024a45b7f','cef846d7-2c07-492e-b667-280afa09f694','LSTOP_INIT','David could work on stopping the practice of functioning by past precedence in terms of having to respond to issues as they arise. He''s working on this (a great example is thinking about reporting and data availability timelines), but some of the stopping includes starting to advocate strongly for what REA needs in order to do their job well and in a timely manner and working out solutions with other teams to fulfill agency and office goals and priorities.');
INSERT INTO diagnostic_responses (diagnostic_id,rater_id,question_code,text_response) VALUES ('7ff06448-d55c-450a-ac62-b4f024a45b7f','cef846d7-2c07-492e-b667-280afa09f694','LCONT_PROD','David should continue to explore ways in which he can build connections with other teams in the agency and identify ways to streamline work.');
INSERT INTO diagnostic_responses (diagnostic_id,rater_id,question_code,text_response) VALUES ('7ff06448-d55c-450a-ac62-b4f024a45b7f','cef846d7-2c07-492e-b667-280afa09f694','LSTOP_COMM','I am not certain if this is the case because I do often not see direct communications between David and his team members, but if it is the case that other leadership are communicating directly with REA, I would encourage David to stop that practice and to be the voice of leadership for the team so that he can convey context and rationale, and communicate directly about asks and expectations for team members.');
INSERT INTO diagnostic_responses (diagnostic_id,rater_id,question_code,text_response) VALUES ('7ff06448-d55c-450a-ac62-b4f024a45b7f','cef846d7-2c07-492e-b667-280afa09f694','LCREATIVE','David did a great job leading efforts to respond to data availability challenges with an innovative solution that received support from the field and was something he and his colleagues could implement.');
INSERT INTO diagnostic_responses (diagnostic_id,rater_id,question_code,text_response) VALUES ('7ff06448-d55c-450a-ac62-b4f024a45b7f','cef846d7-2c07-492e-b667-280afa09f694','LSTART_IMPACT','I would encourage David to start taking time to engage in long-term strategic planning for his team. Sitting down once a year to identify key deliverables, data and other timelines, prerequisite activities, decisions, and other deliverables, and other priorities can be really helpful because it helps illuminate where there may be pain points in the work that can be mitigated with advance planning and it can identify where cross-agency partnerships may enhance work.');
INSERT INTO diagnostic_responses (diagnostic_id,rater_id,question_code,text_response) VALUES ('7ff06448-d55c-450a-ac62-b4f024a45b7f','cef846d7-2c07-492e-b667-280afa09f694','LSTOP_IMPACT','David, in his careful consideration of others, often apologizes for asking people to take time to support his work. It''s great to acknowledge someone''s support and show appreciation, but there''s no need to apologize. He''s a leader; we work with and for him; he has the right to ask for our support and engagement.');
INSERT INTO diagnostic_responses (diagnostic_id,rater_id,question_code,text_response) VALUES ('7ff06448-d55c-450a-ac62-b4f024a45b7f','cef846d7-2c07-492e-b667-280afa09f694','LCONT_IMPACT','I see David investing in his leadership skills broadly, being increasingly decisive, and communicating his rationale for decisions. He is respectful of his colleagues and is a very good communicator. Keep those things up!');
INSERT INTO diagnostic_responses (diagnostic_id,rater_id,question_code,text_response) VALUES ('7ff06448-d55c-450a-ac62-b4f024a45b7f','cef846d7-2c07-492e-b667-280afa09f694','LDESCRIBE','David is a strong-but-quiet leader who is very conscientious and thoughtful. You can trust him to listen carefully and to respectfully interact with those around him.');
INSERT INTO diagnostic_raters (id,diagnostic_id,name,email,relationship,is_self,completed_at,created_at) VALUES ('b98bce28-abdc-4511-9b31-7061c48a0e61','7ff06448-d55c-450a-ac62-b4f024a45b7f','Brigette Russell','brigette.russell2@ped.nm.gov','Peer',false,'2025-04-26T00:00:00Z','2025-04-26T00:00:00Z');
INSERT INTO diagnostic_responses (diagnostic_id,rater_id,question_code,score) VALUES ('7ff06448-d55c-450a-ac62-b4f024a45b7f','b98bce28-abdc-4511-9b31-7061c48a0e61','A1',5);
INSERT INTO diagnostic_responses (diagnostic_id,rater_id,question_code,score) VALUES ('7ff06448-d55c-450a-ac62-b4f024a45b7f','b98bce28-abdc-4511-9b31-7061c48a0e61','B1',4);
INSERT INTO diagnostic_responses (diagnostic_id,rater_id,question_code,score) VALUES ('7ff06448-d55c-450a-ac62-b4f024a45b7f','b98bce28-abdc-4511-9b31-7061c48a0e61','B2',3);
INSERT INTO diagnostic_responses (diagnostic_id,rater_id,question_code,score) VALUES ('7ff06448-d55c-450a-ac62-b4f024a45b7f','b98bce28-abdc-4511-9b31-7061c48a0e61','B3',4);
INSERT INTO diagnostic_responses (diagnostic_id,rater_id,question_code,score) VALUES ('7ff06448-d55c-450a-ac62-b4f024a45b7f','b98bce28-abdc-4511-9b31-7061c48a0e61','C1',3);
INSERT INTO diagnostic_responses (diagnostic_id,rater_id,question_code,score) VALUES ('7ff06448-d55c-450a-ac62-b4f024a45b7f','b98bce28-abdc-4511-9b31-7061c48a0e61','LCOMM',5);
INSERT INTO diagnostic_responses (diagnostic_id,rater_id,question_code,score) VALUES ('7ff06448-d55c-450a-ac62-b4f024a45b7f','b98bce28-abdc-4511-9b31-7061c48a0e61','LCONF',5);
INSERT INTO diagnostic_responses (diagnostic_id,rater_id,question_code,score) VALUES ('7ff06448-d55c-450a-ac62-b4f024a45b7f','b98bce28-abdc-4511-9b31-7061c48a0e61','LINFL',5);
INSERT INTO diagnostic_responses (diagnostic_id,rater_id,question_code,score) VALUES ('7ff06448-d55c-450a-ac62-b4f024a45b7f','b98bce28-abdc-4511-9b31-7061c48a0e61','LDEV',5);
INSERT INTO diagnostic_responses (diagnostic_id,rater_id,question_code,score) VALUES ('7ff06448-d55c-450a-ac62-b4f024a45b7f','b98bce28-abdc-4511-9b31-7061c48a0e61','LSELF',5);
INSERT INTO diagnostic_responses (diagnostic_id,rater_id,question_code,score) VALUES ('7ff06448-d55c-450a-ac62-b4f024a45b7f','b98bce28-abdc-4511-9b31-7061c48a0e61','LSTRAT',5);
INSERT INTO diagnostic_responses (diagnostic_id,rater_id,question_code,score) VALUES ('7ff06448-d55c-450a-ac62-b4f024a45b7f','b98bce28-abdc-4511-9b31-7061c48a0e61','LCOLLAB',5);
INSERT INTO diagnostic_responses (diagnostic_id,rater_id,question_code,score) VALUES ('7ff06448-d55c-450a-ac62-b4f024a45b7f','b98bce28-abdc-4511-9b31-7061c48a0e61','LACCT',5);
INSERT INTO diagnostic_responses (diagnostic_id,rater_id,question_code,score) VALUES ('7ff06448-d55c-450a-ac62-b4f024a45b7f','b98bce28-abdc-4511-9b31-7061c48a0e61','LEXPECT',5);
INSERT INTO diagnostic_responses (diagnostic_id,rater_id,question_code,score) VALUES ('7ff06448-d55c-450a-ac62-b4f024a45b7f','b98bce28-abdc-4511-9b31-7061c48a0e61','LCRISIS',5);
INSERT INTO diagnostic_responses (diagnostic_id,rater_id,question_code,score) VALUES ('7ff06448-d55c-450a-ac62-b4f024a45b7f','b98bce28-abdc-4511-9b31-7061c48a0e61','LINSPIRE',5);
INSERT INTO diagnostic_responses (diagnostic_id,rater_id,question_code,score) VALUES ('7ff06448-d55c-450a-ac62-b4f024a45b7f','b98bce28-abdc-4511-9b31-7061c48a0e61','LRELAT',5);
INSERT INTO diagnostic_responses (diagnostic_id,rater_id,question_code,score) VALUES ('7ff06448-d55c-450a-ac62-b4f024a45b7f','b98bce28-abdc-4511-9b31-7061c48a0e61','D1',10);
INSERT INTO diagnostic_responses (diagnostic_id,rater_id,question_code,text_response) VALUES ('7ff06448-d55c-450a-ac62-b4f024a45b7f','b98bce28-abdc-4511-9b31-7061c48a0e61','LSTART_TRUST','Because I''m director of a different bureau, I can''t really answer this about David''s team, but I can say that in all my interactions with him, he appears to be far more forthright, transparent, and thoughtful than most of the managers within this agency. When he tells me something, I know I''m getting a straight answer and not bureacracy-speak.');
INSERT INTO diagnostic_responses (diagnostic_id,rater_id,question_code,text_response) VALUES ('7ff06448-d55c-450a-ac62-b4f024a45b7f','b98bce28-abdc-4511-9b31-7061c48a0e61','LSTOP_INIT','I rated addressing issues before they escalate lower than the others because  there are some underlying problems with data at the agency, and someone in David''s role should be looking for ways to resolve those. As I''m not an internal member of the team, I''m not sure there is anything he is or isn''t doing that gets in the way of this.');
INSERT INTO diagnostic_responses (diagnostic_id,rater_id,question_code,text_response) VALUES ('7ff06448-d55c-450a-ac62-b4f024a45b7f','b98bce28-abdc-4511-9b31-7061c48a0e61','LCONT_PROD','N/A I am not really in a position to judge');
INSERT INTO diagnostic_responses (diagnostic_id,rater_id,question_code,text_response) VALUES ('7ff06448-d55c-450a-ac62-b4f024a45b7f','b98bce28-abdc-4511-9b31-7061c48a0e61','LSTOP_COMM','David is a very effective communicator, which people who work in data aren''t always. This is a real strength for him.');
INSERT INTO diagnostic_responses (diagnostic_id,rater_id,question_code,text_response) VALUES ('7ff06448-d55c-450a-ac62-b4f024a45b7f','b98bce28-abdc-4511-9b31-7061c48a0e61','LCREATIVE','He came up with a creative way to get statewide assessment results more quickly by redefining one of the variables underlying it. I was amazed and so impressed when I heard the idea. It is going to make a LOT of people''s work easier, mine included.');
INSERT INTO diagnostic_responses (diagnostic_id,rater_id,question_code,text_response) VALUES ('7ff06448-d55c-450a-ac62-b4f024a45b7f','b98bce28-abdc-4511-9b31-7061c48a0e61','LSTART_IMPACT','Being more intentional about building relationships across the agency.');
INSERT INTO diagnostic_responses (diagnostic_id,rater_id,question_code,text_response) VALUES ('7ff06448-d55c-450a-ac62-b4f024a45b7f','b98bce28-abdc-4511-9b31-7061c48a0e61','LSTOP_IMPACT','Hesitating to speak up more -- leaders here need to hear his voice.');
INSERT INTO diagnostic_responses (diagnostic_id,rater_id,question_code,text_response) VALUES ('7ff06448-d55c-450a-ac62-b4f024a45b7f','b98bce28-abdc-4511-9b31-7061c48a0e61','LCONT_IMPACT','Being calm, courteous and gracious.');
INSERT INTO diagnostic_responses (diagnostic_id,rater_id,question_code,text_response) VALUES ('7ff06448-d55c-450a-ac62-b4f024a45b7f','b98bce28-abdc-4511-9b31-7061c48a0e61','LDESCRIBE','Intelligent, thoughtful, courteous, collaborative, innovative, calm, kind.');
INSERT INTO diagnostic_raters (id,diagnostic_id,name,email,relationship,is_self,completed_at,created_at) VALUES ('d4ddef9c-840f-4978-801e-d07cac6cfbf1','7ff06448-d55c-450a-ac62-b4f024a45b7f','Tiange Li','tiange.li@ped.nm.gov','Direct Report',false,'2025-04-26T00:00:00Z','2025-04-26T00:00:00Z');
INSERT INTO diagnostic_responses (diagnostic_id,rater_id,question_code,score) VALUES ('7ff06448-d55c-450a-ac62-b4f024a45b7f','d4ddef9c-840f-4978-801e-d07cac6cfbf1','A1',5);
INSERT INTO diagnostic_responses (diagnostic_id,rater_id,question_code,score) VALUES ('7ff06448-d55c-450a-ac62-b4f024a45b7f','d4ddef9c-840f-4978-801e-d07cac6cfbf1','B1',5);
INSERT INTO diagnostic_responses (diagnostic_id,rater_id,question_code,score) VALUES ('7ff06448-d55c-450a-ac62-b4f024a45b7f','d4ddef9c-840f-4978-801e-d07cac6cfbf1','B2',5);
INSERT INTO diagnostic_responses (diagnostic_id,rater_id,question_code,score) VALUES ('7ff06448-d55c-450a-ac62-b4f024a45b7f','d4ddef9c-840f-4978-801e-d07cac6cfbf1','B3',3);
INSERT INTO diagnostic_responses (diagnostic_id,rater_id,question_code,score) VALUES ('7ff06448-d55c-450a-ac62-b4f024a45b7f','d4ddef9c-840f-4978-801e-d07cac6cfbf1','C1',5);
INSERT INTO diagnostic_responses (diagnostic_id,rater_id,question_code,score) VALUES ('7ff06448-d55c-450a-ac62-b4f024a45b7f','d4ddef9c-840f-4978-801e-d07cac6cfbf1','LCOMM',5);
INSERT INTO diagnostic_responses (diagnostic_id,rater_id,question_code,score) VALUES ('7ff06448-d55c-450a-ac62-b4f024a45b7f','d4ddef9c-840f-4978-801e-d07cac6cfbf1','LCONF',4);
INSERT INTO diagnostic_responses (diagnostic_id,rater_id,question_code,score) VALUES ('7ff06448-d55c-450a-ac62-b4f024a45b7f','d4ddef9c-840f-4978-801e-d07cac6cfbf1','LINFL',5);
INSERT INTO diagnostic_responses (diagnostic_id,rater_id,question_code,score) VALUES ('7ff06448-d55c-450a-ac62-b4f024a45b7f','d4ddef9c-840f-4978-801e-d07cac6cfbf1','LDEV',5);
INSERT INTO diagnostic_responses (diagnostic_id,rater_id,question_code,score) VALUES ('7ff06448-d55c-450a-ac62-b4f024a45b7f','d4ddef9c-840f-4978-801e-d07cac6cfbf1','LSELF',5);
INSERT INTO diagnostic_responses (diagnostic_id,rater_id,question_code,score) VALUES ('7ff06448-d55c-450a-ac62-b4f024a45b7f','d4ddef9c-840f-4978-801e-d07cac6cfbf1','LSTRAT',4);
INSERT INTO diagnostic_responses (diagnostic_id,rater_id,question_code,score) VALUES ('7ff06448-d55c-450a-ac62-b4f024a45b7f','d4ddef9c-840f-4978-801e-d07cac6cfbf1','LCOLLAB',5);
INSERT INTO diagnostic_responses (diagnostic_id,rater_id,question_code,score) VALUES ('7ff06448-d55c-450a-ac62-b4f024a45b7f','d4ddef9c-840f-4978-801e-d07cac6cfbf1','LACCT',3);
INSERT INTO diagnostic_responses (diagnostic_id,rater_id,question_code,score) VALUES ('7ff06448-d55c-450a-ac62-b4f024a45b7f','d4ddef9c-840f-4978-801e-d07cac6cfbf1','LEXPECT',5);
INSERT INTO diagnostic_responses (diagnostic_id,rater_id,question_code,score) VALUES ('7ff06448-d55c-450a-ac62-b4f024a45b7f','d4ddef9c-840f-4978-801e-d07cac6cfbf1','LCRISIS',5);
INSERT INTO diagnostic_responses (diagnostic_id,rater_id,question_code,score) VALUES ('7ff06448-d55c-450a-ac62-b4f024a45b7f','d4ddef9c-840f-4978-801e-d07cac6cfbf1','LINSPIRE',5);
INSERT INTO diagnostic_responses (diagnostic_id,rater_id,question_code,score) VALUES ('7ff06448-d55c-450a-ac62-b4f024a45b7f','d4ddef9c-840f-4978-801e-d07cac6cfbf1','LRELAT',5);
INSERT INTO diagnostic_responses (diagnostic_id,rater_id,question_code,score) VALUES ('7ff06448-d55c-450a-ac62-b4f024a45b7f','d4ddef9c-840f-4978-801e-d07cac6cfbf1','D1',10);
INSERT INTO diagnostic_responses (diagnostic_id,rater_id,question_code,text_response) VALUES ('7ff06448-d55c-450a-ac62-b4f024a45b7f','d4ddef9c-840f-4978-801e-d07cac6cfbf1','LSTART_TRUST','N/A');
INSERT INTO diagnostic_responses (diagnostic_id,rater_id,question_code,text_response) VALUES ('7ff06448-d55c-450a-ac62-b4f024a45b7f','d4ddef9c-840f-4978-801e-d07cac6cfbf1','LSTOP_INIT','David is proactive in planning the team''s work and needs.  He allows a high degree of autonomy in our work already.');
INSERT INTO diagnostic_responses (diagnostic_id,rater_id,question_code,text_response) VALUES ('7ff06448-d55c-450a-ac62-b4f024a45b7f','d4ddef9c-840f-4978-801e-d07cac6cfbf1','LCONT_PROD','Planning work in advance, maintaining our systems of tracking tasks so that there is visibility of team member capacity.');
INSERT INTO diagnostic_responses (diagnostic_id,rater_id,question_code,text_response) VALUES ('7ff06448-d55c-450a-ac62-b4f024a45b7f','d4ddef9c-840f-4978-801e-d07cac6cfbf1','LSTOP_COMM','Communication within the team is consistent');
INSERT INTO diagnostic_responses (diagnostic_id,rater_id,question_code,text_response) VALUES ('7ff06448-d55c-450a-ac62-b4f024a45b7f','d4ddef9c-840f-4978-801e-d07cac6cfbf1','LCREATIVE','David directs the team with a lot of flexibility.  I think his general approach to gray areas in our work processes or new responsibilities assigned to our team leads to: 1.) smoother day-to-day work, 2.) more engagement and satisfaction from stakeholders when they can give feedback, in our case mostly school leaders, and 3.) gradual improvement of systems rather than carrying redundant or inefficient methods.  

Seeing how he approached the Small School Accountability issue in each of its iterations was particularly valuable.');
INSERT INTO diagnostic_responses (diagnostic_id,rater_id,question_code,text_response) VALUES ('7ff06448-d55c-450a-ac62-b4f024a45b7f','d4ddef9c-840f-4978-801e-d07cac6cfbf1','LSTART_IMPACT','Maintaining consistent expectations of work and transparency in workload/capacity across the team and our partners.');
INSERT INTO diagnostic_responses (diagnostic_id,rater_id,question_code,text_response) VALUES ('7ff06448-d55c-450a-ac62-b4f024a45b7f','d4ddef9c-840f-4978-801e-d07cac6cfbf1','LSTOP_IMPACT','N/A');
INSERT INTO diagnostic_responses (diagnostic_id,rater_id,question_code,text_response) VALUES ('7ff06448-d55c-450a-ac62-b4f024a45b7f','d4ddef9c-840f-4978-801e-d07cac6cfbf1','LCONT_IMPACT','Identifying recurring tasks or operations that can be done more efficiently. His facilitation of communication is also very good: weekly 1 on 1 meetings with David, weekly team meetings, and additional check-ins as needed.');
INSERT INTO diagnostic_responses (diagnostic_id,rater_id,question_code,text_response) VALUES ('7ff06448-d55c-450a-ac62-b4f024a45b7f','d4ddef9c-840f-4978-801e-d07cac6cfbf1','LDESCRIBE','Diplomatic, proactive, diligent');
INSERT INTO diagnostic_raters (id,diagnostic_id,name,email,relationship,is_self,completed_at,created_at) VALUES ('8f677890-6fa7-45b5-8421-a925e80c344d','7ff06448-d55c-450a-ac62-b4f024a45b7f','Leoneil Tulabing','leoneil.tulabing@ped.nm.gov','Peer',false,'2025-04-26T00:00:00Z','2025-04-26T00:00:00Z');
INSERT INTO diagnostic_responses (diagnostic_id,rater_id,question_code,score) VALUES ('7ff06448-d55c-450a-ac62-b4f024a45b7f','8f677890-6fa7-45b5-8421-a925e80c344d','A1',5);
INSERT INTO diagnostic_responses (diagnostic_id,rater_id,question_code,score) VALUES ('7ff06448-d55c-450a-ac62-b4f024a45b7f','8f677890-6fa7-45b5-8421-a925e80c344d','B1',4);
INSERT INTO diagnostic_responses (diagnostic_id,rater_id,question_code,score) VALUES ('7ff06448-d55c-450a-ac62-b4f024a45b7f','8f677890-6fa7-45b5-8421-a925e80c344d','B2',4);
INSERT INTO diagnostic_responses (diagnostic_id,rater_id,question_code,score) VALUES ('7ff06448-d55c-450a-ac62-b4f024a45b7f','8f677890-6fa7-45b5-8421-a925e80c344d','B3',5);
INSERT INTO diagnostic_responses (diagnostic_id,rater_id,question_code,score) VALUES ('7ff06448-d55c-450a-ac62-b4f024a45b7f','8f677890-6fa7-45b5-8421-a925e80c344d','C1',4);
INSERT INTO diagnostic_responses (diagnostic_id,rater_id,question_code,score) VALUES ('7ff06448-d55c-450a-ac62-b4f024a45b7f','8f677890-6fa7-45b5-8421-a925e80c344d','LCOMM',5);
INSERT INTO diagnostic_responses (diagnostic_id,rater_id,question_code,score) VALUES ('7ff06448-d55c-450a-ac62-b4f024a45b7f','8f677890-6fa7-45b5-8421-a925e80c344d','LCONF',3);
INSERT INTO diagnostic_responses (diagnostic_id,rater_id,question_code,score) VALUES ('7ff06448-d55c-450a-ac62-b4f024a45b7f','8f677890-6fa7-45b5-8421-a925e80c344d','LINFL',5);
INSERT INTO diagnostic_responses (diagnostic_id,rater_id,question_code,score) VALUES ('7ff06448-d55c-450a-ac62-b4f024a45b7f','8f677890-6fa7-45b5-8421-a925e80c344d','LDEV',5);
INSERT INTO diagnostic_responses (diagnostic_id,rater_id,question_code,score) VALUES ('7ff06448-d55c-450a-ac62-b4f024a45b7f','8f677890-6fa7-45b5-8421-a925e80c344d','LSELF',5);
INSERT INTO diagnostic_responses (diagnostic_id,rater_id,question_code,score) VALUES ('7ff06448-d55c-450a-ac62-b4f024a45b7f','8f677890-6fa7-45b5-8421-a925e80c344d','LSTRAT',4);
INSERT INTO diagnostic_responses (diagnostic_id,rater_id,question_code,score) VALUES ('7ff06448-d55c-450a-ac62-b4f024a45b7f','8f677890-6fa7-45b5-8421-a925e80c344d','LCOLLAB',4);
INSERT INTO diagnostic_responses (diagnostic_id,rater_id,question_code,score) VALUES ('7ff06448-d55c-450a-ac62-b4f024a45b7f','8f677890-6fa7-45b5-8421-a925e80c344d','LACCT',4);
INSERT INTO diagnostic_responses (diagnostic_id,rater_id,question_code,score) VALUES ('7ff06448-d55c-450a-ac62-b4f024a45b7f','8f677890-6fa7-45b5-8421-a925e80c344d','LEXPECT',5);
INSERT INTO diagnostic_responses (diagnostic_id,rater_id,question_code,score) VALUES ('7ff06448-d55c-450a-ac62-b4f024a45b7f','8f677890-6fa7-45b5-8421-a925e80c344d','LCRISIS',4);
INSERT INTO diagnostic_responses (diagnostic_id,rater_id,question_code,score) VALUES ('7ff06448-d55c-450a-ac62-b4f024a45b7f','8f677890-6fa7-45b5-8421-a925e80c344d','LINSPIRE',5);
INSERT INTO diagnostic_responses (diagnostic_id,rater_id,question_code,score) VALUES ('7ff06448-d55c-450a-ac62-b4f024a45b7f','8f677890-6fa7-45b5-8421-a925e80c344d','LRELAT',5);
INSERT INTO diagnostic_responses (diagnostic_id,rater_id,question_code,score) VALUES ('7ff06448-d55c-450a-ac62-b4f024a45b7f','8f677890-6fa7-45b5-8421-a925e80c344d','D1',9);
INSERT INTO diagnostic_responses (diagnostic_id,rater_id,question_code,text_response) VALUES ('7ff06448-d55c-450a-ac62-b4f024a45b7f','8f677890-6fa7-45b5-8421-a925e80c344d','LSTART_TRUST','I cannot think of anything additional to add, as David consistently demonstrates honesty and transparency with colleagues. He openly communicates important information, including any errors that have occurred. He also provides clear and accurate guidance about what the team can and cannot do, ensuring everyone has a shared understanding of expectations and limitations.');
INSERT INTO diagnostic_responses (diagnostic_id,rater_id,question_code,text_response) VALUES ('7ff06448-d55c-450a-ac62-b4f024a45b7f','8f677890-6fa7-45b5-8421-a925e80c344d','LSTOP_INIT','None');
INSERT INTO diagnostic_responses (diagnostic_id,rater_id,question_code,text_response) VALUES ('7ff06448-d55c-450a-ac62-b4f024a45b7f','8f677890-6fa7-45b5-8421-a925e80c344d','LCONT_PROD','David is a dedicated and hardworking leader who consistently demonstrates trust in his colleagues’ work. He shows genuine compassion toward his subordinates, fostering a supportive and respectful work environment. In my opinion, these qualities are key reasons why REA data analysts appreciate working under his leadership.

REA is a high-stakes bureau, if I may suggest, one area for growth that would be the development of a more structured system of checks and balances to further strengthen accuracy of data');
INSERT INTO diagnostic_responses (diagnostic_id,rater_id,question_code,text_response) VALUES ('7ff06448-d55c-450a-ac62-b4f024a45b7f','8f677890-6fa7-45b5-8421-a925e80c344d','LSTOP_COMM','None');
INSERT INTO diagnostic_responses (diagnostic_id,rater_id,question_code,text_response) VALUES ('7ff06448-d55c-450a-ac62-b4f024a45b7f','8f677890-6fa7-45b5-8421-a925e80c344d','LCREATIVE','I am being biased on my answer, but the automated briefing packet is one of the best innovations that David took the lead.');
INSERT INTO diagnostic_responses (diagnostic_id,rater_id,question_code,text_response) VALUES ('7ff06448-d55c-450a-ac62-b4f024a45b7f','8f677890-6fa7-45b5-8421-a925e80c344d','LSTART_IMPACT','I am not fully certain about David’s skills in handling difficult conversations and holding others accountable. However, these are areas I would strongly encourage him to continue developing, especially as he advances in his career as a manager. Strengthening these skills will help him navigate challenging situations effectively and lead his team with clarity and confidence.');
INSERT INTO diagnostic_responses (diagnostic_id,rater_id,question_code,text_response) VALUES ('7ff06448-d55c-450a-ac62-b4f024a45b7f','8f677890-6fa7-45b5-8421-a925e80c344d','LSTOP_IMPACT','None');
INSERT INTO diagnostic_responses (diagnostic_id,rater_id,question_code,text_response) VALUES ('7ff06448-d55c-450a-ac62-b4f024a45b7f','8f677890-6fa7-45b5-8421-a925e80c344d','LCONT_IMPACT','Communication, honesty and hard work');
INSERT INTO diagnostic_responses (diagnostic_id,rater_id,question_code,text_response) VALUES ('7ff06448-d55c-450a-ac62-b4f024a45b7f','8f677890-6fa7-45b5-8421-a925e80c344d','LDESCRIBE','Teammate, team player, trusted ally.

Alex, I’m comfortable with you identifying me as the provider of this feedback to David. I believe that hearing it from a colleague he knows may help him better reflect on whether the feedback is accurate and meaningful.');
INSERT INTO diagnostic_raters (id,diagnostic_id,name,email,relationship,is_self,completed_at,created_at) VALUES ('613a99f2-6088-4e3d-b1f7-1c5fe3030d75','7ff06448-d55c-450a-ac62-b4f024a45b7f','Elisabeth Nixon Peterson','elisabeth.peterson@ped.nm.gov','Peer',false,'2025-04-26T00:00:00Z','2025-04-26T00:00:00Z');
INSERT INTO diagnostic_responses (diagnostic_id,rater_id,question_code,score) VALUES ('7ff06448-d55c-450a-ac62-b4f024a45b7f','613a99f2-6088-4e3d-b1f7-1c5fe3030d75','A1',4);
INSERT INTO diagnostic_responses (diagnostic_id,rater_id,question_code,score) VALUES ('7ff06448-d55c-450a-ac62-b4f024a45b7f','613a99f2-6088-4e3d-b1f7-1c5fe3030d75','B1',3);
INSERT INTO diagnostic_responses (diagnostic_id,rater_id,question_code,score) VALUES ('7ff06448-d55c-450a-ac62-b4f024a45b7f','613a99f2-6088-4e3d-b1f7-1c5fe3030d75','B2',2);
INSERT INTO diagnostic_responses (diagnostic_id,rater_id,question_code,score) VALUES ('7ff06448-d55c-450a-ac62-b4f024a45b7f','613a99f2-6088-4e3d-b1f7-1c5fe3030d75','B3',3);
INSERT INTO diagnostic_responses (diagnostic_id,rater_id,question_code,score) VALUES ('7ff06448-d55c-450a-ac62-b4f024a45b7f','613a99f2-6088-4e3d-b1f7-1c5fe3030d75','C1',4);
INSERT INTO diagnostic_responses (diagnostic_id,rater_id,question_code,score) VALUES ('7ff06448-d55c-450a-ac62-b4f024a45b7f','613a99f2-6088-4e3d-b1f7-1c5fe3030d75','LCOMM',3);
INSERT INTO diagnostic_responses (diagnostic_id,rater_id,question_code,score) VALUES ('7ff06448-d55c-450a-ac62-b4f024a45b7f','613a99f2-6088-4e3d-b1f7-1c5fe3030d75','LCONF',3);
INSERT INTO diagnostic_responses (diagnostic_id,rater_id,question_code,score) VALUES ('7ff06448-d55c-450a-ac62-b4f024a45b7f','613a99f2-6088-4e3d-b1f7-1c5fe3030d75','LINFL',4);
INSERT INTO diagnostic_responses (diagnostic_id,rater_id,question_code,score) VALUES ('7ff06448-d55c-450a-ac62-b4f024a45b7f','613a99f2-6088-4e3d-b1f7-1c5fe3030d75','LDEV',3);
INSERT INTO diagnostic_responses (diagnostic_id,rater_id,question_code,score) VALUES ('7ff06448-d55c-450a-ac62-b4f024a45b7f','613a99f2-6088-4e3d-b1f7-1c5fe3030d75','LSELF',3);
INSERT INTO diagnostic_responses (diagnostic_id,rater_id,question_code,score) VALUES ('7ff06448-d55c-450a-ac62-b4f024a45b7f','613a99f2-6088-4e3d-b1f7-1c5fe3030d75','LSTRAT',4);
INSERT INTO diagnostic_responses (diagnostic_id,rater_id,question_code,score) VALUES ('7ff06448-d55c-450a-ac62-b4f024a45b7f','613a99f2-6088-4e3d-b1f7-1c5fe3030d75','LCOLLAB',3);
INSERT INTO diagnostic_responses (diagnostic_id,rater_id,question_code,score) VALUES ('7ff06448-d55c-450a-ac62-b4f024a45b7f','613a99f2-6088-4e3d-b1f7-1c5fe3030d75','LACCT',2);
INSERT INTO diagnostic_responses (diagnostic_id,rater_id,question_code,score) VALUES ('7ff06448-d55c-450a-ac62-b4f024a45b7f','613a99f2-6088-4e3d-b1f7-1c5fe3030d75','LEXPECT',3);
INSERT INTO diagnostic_responses (diagnostic_id,rater_id,question_code,score) VALUES ('7ff06448-d55c-450a-ac62-b4f024a45b7f','613a99f2-6088-4e3d-b1f7-1c5fe3030d75','LCRISIS',3);
INSERT INTO diagnostic_responses (diagnostic_id,rater_id,question_code,score) VALUES ('7ff06448-d55c-450a-ac62-b4f024a45b7f','613a99f2-6088-4e3d-b1f7-1c5fe3030d75','LINSPIRE',3);
INSERT INTO diagnostic_responses (diagnostic_id,rater_id,question_code,score) VALUES ('7ff06448-d55c-450a-ac62-b4f024a45b7f','613a99f2-6088-4e3d-b1f7-1c5fe3030d75','LRELAT',3);
INSERT INTO diagnostic_responses (diagnostic_id,rater_id,question_code,score) VALUES ('7ff06448-d55c-450a-ac62-b4f024a45b7f','613a99f2-6088-4e3d-b1f7-1c5fe3030d75','D1',7);
INSERT INTO diagnostic_responses (diagnostic_id,rater_id,question_code,text_response) VALUES ('7ff06448-d55c-450a-ac62-b4f024a45b7f','613a99f2-6088-4e3d-b1f7-1c5fe3030d75','LSTART_TRUST','Trust has also been impacted by broader leadership transitions and organizational dynamics, though this is not solely attributable to the individual in this role. Increasing consistent, timely, and proactive communication—such as regular check-ins, clear and transparent explanations of decision-making, and structured opportunities for staff voice and agency could help rebuild confidence and strengthen relationships across the team.');
INSERT INTO diagnostic_responses (diagnostic_id,rater_id,question_code,text_response) VALUES ('7ff06448-d55c-450a-ac62-b4f024a45b7f','613a99f2-6088-4e3d-b1f7-1c5fe3030d75','LSTOP_INIT','Given that I do not directly report to this individual or work closely with the team at that level, it is difficult to identify a specific behavior that should stop. From my limited vantage point, however, one potential area to reflect on is whether decision-making processes may at times feel centralized. If so, creating additional space for distributed leadership and clarifying decision-making authority could further empower team members to take initiative with confidence.');
INSERT INTO diagnostic_responses (diagnostic_id,rater_id,question_code,text_response) VALUES ('7ff06448-d55c-450a-ac62-b4f024a45b7f','613a99f2-6088-4e3d-b1f7-1c5fe3030d75','LCONT_PROD','Given my limited direct engagement at the team level, I would encourage this leader to continue providing clear direction and maintaining a steady focus on priorities. Consistent expectations and alignment around goals appear to support productivity and help ensure the team remains focused on key outcomes.

Sustaining that clarity of purpose and consistency in messaging has a positive impact on workflow, coordination, and overall effectiveness.');
INSERT INTO diagnostic_responses (diagnostic_id,rater_id,question_code,text_response) VALUES ('7ff06448-d55c-450a-ac62-b4f024a45b7f','613a99f2-6088-4e3d-b1f7-1c5fe3030d75','LSTOP_COMM','Since I don’t work directly under this leader or interact closely with their team, it’s difficult to identify something specific they should stop. From my perspective, one area to consider might be reducing reliance on indirect or delayed communication—ensuring messages are timely and clear could help strengthen overall effectiveness and support staff in taking action with confidence.');
INSERT INTO diagnostic_responses (diagnostic_id,rater_id,question_code,text_response) VALUES ('7ff06448-d55c-450a-ac62-b4f024a45b7f','613a99f2-6088-4e3d-b1f7-1c5fe3030d75','LCREATIVE','One particularly valuable approach this leader has introduced is improving data transparency within the hierarchy. By cleaning up and organizing the information, it’s much easier for teams to understand and act on it. Moving forward, presenting this data in more accessible, “human-friendly” terms could make it even more useful and actionable for everyone.');
INSERT INTO diagnostic_responses (diagnostic_id,rater_id,question_code,text_response) VALUES ('7ff06448-d55c-450a-ac62-b4f024a45b7f','613a99f2-6088-4e3d-b1f7-1c5fe3030d75','LSTART_IMPACT','One way this leader could elevate their impact is by increasing direct, visible engagement with teams—checking in more regularly and creating structured opportunities for open dialogue. This could help strengthen relationships, build trust, and ensure staff feel heard and empowered to take initiative.');
INSERT INTO diagnostic_responses (diagnostic_id,rater_id,question_code,text_response) VALUES ('7ff06448-d55c-450a-ac62-b4f024a45b7f','613a99f2-6088-4e3d-b1f7-1c5fe3030d75','LSTOP_IMPACT','Given my limited direct interaction with the team, it’s hard to pinpoint specific behaviors to stop. From my perspective, reducing reliance on highly formal or indirect communication could help—shifting toward more straightforward, timely, and approachable messaging may enhance clarity and effectiveness.');
INSERT INTO diagnostic_responses (diagnostic_id,rater_id,question_code,text_response) VALUES ('7ff06448-d55c-450a-ac62-b4f024a45b7f','613a99f2-6088-4e3d-b1f7-1c5fe3030d75','LCONT_IMPACT','This leader excels at providing clear direction and maintaining focus on priorities. Continuing to set clear expectations and communicate goals helps teams stay aligned, productive, and confident in their work.');
INSERT INTO diagnostic_responses (diagnostic_id,rater_id,question_code,text_response) VALUES ('7ff06448-d55c-450a-ac62-b4f024a45b7f','613a99f2-6088-4e3d-b1f7-1c5fe3030d75','LDESCRIBE','Purposeful');
INSERT INTO diagnostic_raters (id,diagnostic_id,name,email,relationship,is_self,completed_at,created_at) VALUES ('b8e94a18-d521-4b25-be93-a9f1d83ea145','7ff06448-d55c-450a-ac62-b4f024a45b7f','Olakunle Durosomo','olakunle.durosomo@ped.nm.gov','Direct Report',false,'2025-04-26T00:00:00Z','2025-04-26T00:00:00Z');
INSERT INTO diagnostic_responses (diagnostic_id,rater_id,question_code,score) VALUES ('7ff06448-d55c-450a-ac62-b4f024a45b7f','b8e94a18-d521-4b25-be93-a9f1d83ea145','A1',4);
INSERT INTO diagnostic_responses (diagnostic_id,rater_id,question_code,score) VALUES ('7ff06448-d55c-450a-ac62-b4f024a45b7f','b8e94a18-d521-4b25-be93-a9f1d83ea145','B1',5);
INSERT INTO diagnostic_responses (diagnostic_id,rater_id,question_code,score) VALUES ('7ff06448-d55c-450a-ac62-b4f024a45b7f','b8e94a18-d521-4b25-be93-a9f1d83ea145','B2',5);
INSERT INTO diagnostic_responses (diagnostic_id,rater_id,question_code,score) VALUES ('7ff06448-d55c-450a-ac62-b4f024a45b7f','b8e94a18-d521-4b25-be93-a9f1d83ea145','B3',5);
INSERT INTO diagnostic_responses (diagnostic_id,rater_id,question_code,score) VALUES ('7ff06448-d55c-450a-ac62-b4f024a45b7f','b8e94a18-d521-4b25-be93-a9f1d83ea145','C1',5);
INSERT INTO diagnostic_responses (diagnostic_id,rater_id,question_code,score) VALUES ('7ff06448-d55c-450a-ac62-b4f024a45b7f','b8e94a18-d521-4b25-be93-a9f1d83ea145','LCOMM',5);
INSERT INTO diagnostic_responses (diagnostic_id,rater_id,question_code,score) VALUES ('7ff06448-d55c-450a-ac62-b4f024a45b7f','b8e94a18-d521-4b25-be93-a9f1d83ea145','LCONF',5);
INSERT INTO diagnostic_responses (diagnostic_id,rater_id,question_code,score) VALUES ('7ff06448-d55c-450a-ac62-b4f024a45b7f','b8e94a18-d521-4b25-be93-a9f1d83ea145','LINFL',4);
INSERT INTO diagnostic_responses (diagnostic_id,rater_id,question_code,score) VALUES ('7ff06448-d55c-450a-ac62-b4f024a45b7f','b8e94a18-d521-4b25-be93-a9f1d83ea145','LDEV',5);
INSERT INTO diagnostic_responses (diagnostic_id,rater_id,question_code,score) VALUES ('7ff06448-d55c-450a-ac62-b4f024a45b7f','b8e94a18-d521-4b25-be93-a9f1d83ea145','LSELF',5);
INSERT INTO diagnostic_responses (diagnostic_id,rater_id,question_code,score) VALUES ('7ff06448-d55c-450a-ac62-b4f024a45b7f','b8e94a18-d521-4b25-be93-a9f1d83ea145','LSTRAT',4);
INSERT INTO diagnostic_responses (diagnostic_id,rater_id,question_code,score) VALUES ('7ff06448-d55c-450a-ac62-b4f024a45b7f','b8e94a18-d521-4b25-be93-a9f1d83ea145','LCOLLAB',5);
INSERT INTO diagnostic_responses (diagnostic_id,rater_id,question_code,score) VALUES ('7ff06448-d55c-450a-ac62-b4f024a45b7f','b8e94a18-d521-4b25-be93-a9f1d83ea145','LACCT',4);
INSERT INTO diagnostic_responses (diagnostic_id,rater_id,question_code,score) VALUES ('7ff06448-d55c-450a-ac62-b4f024a45b7f','b8e94a18-d521-4b25-be93-a9f1d83ea145','LEXPECT',5);
INSERT INTO diagnostic_responses (diagnostic_id,rater_id,question_code,score) VALUES ('7ff06448-d55c-450a-ac62-b4f024a45b7f','b8e94a18-d521-4b25-be93-a9f1d83ea145','LCRISIS',5);
INSERT INTO diagnostic_responses (diagnostic_id,rater_id,question_code,score) VALUES ('7ff06448-d55c-450a-ac62-b4f024a45b7f','b8e94a18-d521-4b25-be93-a9f1d83ea145','LINSPIRE',5);
INSERT INTO diagnostic_responses (diagnostic_id,rater_id,question_code,score) VALUES ('7ff06448-d55c-450a-ac62-b4f024a45b7f','b8e94a18-d521-4b25-be93-a9f1d83ea145','LRELAT',5);
INSERT INTO diagnostic_responses (diagnostic_id,rater_id,question_code,score) VALUES ('7ff06448-d55c-450a-ac62-b4f024a45b7f','b8e94a18-d521-4b25-be93-a9f1d83ea145','D1',10);
INSERT INTO diagnostic_responses (diagnostic_id,rater_id,question_code,text_response) VALUES ('7ff06448-d55c-450a-ac62-b4f024a45b7f','b8e94a18-d521-4b25-be93-a9f1d83ea145','LSTART_TRUST','One thing that could further strengthen trust is increasing transparency around decision-making and priorities. Providing a bit more context behind strategic choices would help the team feel even more aligned and included. Overall, the foundation of trust is already strong, and this would elevate it further.');
INSERT INTO diagnostic_responses (diagnostic_id,rater_id,question_code,text_response) VALUES ('7ff06448-d55c-450a-ac62-b4f024a45b7f','b8e94a18-d521-4b25-be93-a9f1d83ea145','LSTOP_INIT','Creating more room for ownership would help build confidence and empowerment.');
INSERT INTO diagnostic_responses (diagnostic_id,rater_id,question_code,text_response) VALUES ('7ff06448-d55c-450a-ac62-b4f024a45b7f','b8e94a18-d521-4b25-be93-a9f1d83ea145','LCONT_PROD','Continuing to provide clear direction and support has a strong positive impact on team productivity. Your accessibility and guidance help the team stay aligned, focused, and confident in moving work forward.');
INSERT INTO diagnostic_responses (diagnostic_id,rater_id,question_code,text_response) VALUES ('7ff06448-d55c-450a-ac62-b4f024a45b7f','b8e94a18-d521-4b25-be93-a9f1d83ea145','LSTOP_COMM','At this time, I do not see any consistent behaviors that need to stop. Communication and leadership effectiveness are strong, and the current approach is working well for the team.');
INSERT INTO diagnostic_responses (diagnostic_id,rater_id,question_code,text_response) VALUES ('7ff06448-d55c-450a-ac62-b4f024a45b7f','b8e94a18-d521-4b25-be93-a9f1d83ea145','LCREATIVE','A particularly valuable approach has been creating space for open dialogue and collaborative problem-solving. Encouraging team input before making decisions has strengthened engagement, alignment, and overall effectiveness.');
INSERT INTO diagnostic_responses (diagnostic_id,rater_id,question_code,text_response) VALUES ('7ff06448-d55c-450a-ac62-b4f024a45b7f','b8e94a18-d521-4b25-be93-a9f1d83ea145','LSTART_IMPACT','One thing that could further elevate your leadership impact is sharing more of your long-term vision and strategic thinking with the team. Providing greater insight into future goals and priorities would help strengthen alignment, ownership, and overall engagement.');
INSERT INTO diagnostic_responses (diagnostic_id,rater_id,question_code,text_response) VALUES ('7ff06448-d55c-450a-ac62-b4f024a45b7f','b8e94a18-d521-4b25-be93-a9f1d83ea145','LSTOP_IMPACT','One opportunity for increased effectiveness may be stepping back slightly in situations where the team can independently navigate solutions. Allowing more space for ownership could further strengthen confidence, accountability, and overall team growth.');
INSERT INTO diagnostic_responses (diagnostic_id,rater_id,question_code,text_response) VALUES ('7ff06448-d55c-450a-ac62-b4f024a45b7f','b8e94a18-d521-4b25-be93-a9f1d83ea145','LCONT_IMPACT','One thing you do exceptionally well is being responsive and accessible. Your timely communication and willingness to support the team create clarity, reduce bottlenecks, and help us stay productive and aligned.');
INSERT INTO diagnostic_responses (diagnostic_id,rater_id,question_code,text_response) VALUES ('7ff06448-d55c-450a-ac62-b4f024a45b7f','b8e94a18-d521-4b25-be93-a9f1d83ea145','LDESCRIBE','Approachable, responsive, supportive, decisive, and empowering. David fosters collaboration, provides clear guidance, and builds trust while encouraging the team to take initiative.');
INSERT INTO diagnostic_raters (id,diagnostic_id,name,email,relationship,is_self,completed_at,created_at) VALUES ('5d2f3114-e1f2-4514-bce8-40d21fea8d70','7ff06448-d55c-450a-ac62-b4f024a45b7f','Olakunle Durosomo','olakunle.durosomo@ped.nm.gov','Direct Report',false,'2025-04-26T00:00:00Z','2025-04-26T00:00:00Z');
INSERT INTO diagnostic_responses (diagnostic_id,rater_id,question_code,score) VALUES ('7ff06448-d55c-450a-ac62-b4f024a45b7f','5d2f3114-e1f2-4514-bce8-40d21fea8d70','A1',4);
INSERT INTO diagnostic_responses (diagnostic_id,rater_id,question_code,score) VALUES ('7ff06448-d55c-450a-ac62-b4f024a45b7f','5d2f3114-e1f2-4514-bce8-40d21fea8d70','B1',5);
INSERT INTO diagnostic_responses (diagnostic_id,rater_id,question_code,score) VALUES ('7ff06448-d55c-450a-ac62-b4f024a45b7f','5d2f3114-e1f2-4514-bce8-40d21fea8d70','B2',5);
INSERT INTO diagnostic_responses (diagnostic_id,rater_id,question_code,score) VALUES ('7ff06448-d55c-450a-ac62-b4f024a45b7f','5d2f3114-e1f2-4514-bce8-40d21fea8d70','B3',5);
INSERT INTO diagnostic_responses (diagnostic_id,rater_id,question_code,score) VALUES ('7ff06448-d55c-450a-ac62-b4f024a45b7f','5d2f3114-e1f2-4514-bce8-40d21fea8d70','C1',5);
INSERT INTO diagnostic_responses (diagnostic_id,rater_id,question_code,score) VALUES ('7ff06448-d55c-450a-ac62-b4f024a45b7f','5d2f3114-e1f2-4514-bce8-40d21fea8d70','LCOMM',5);
INSERT INTO diagnostic_responses (diagnostic_id,rater_id,question_code,score) VALUES ('7ff06448-d55c-450a-ac62-b4f024a45b7f','5d2f3114-e1f2-4514-bce8-40d21fea8d70','LCONF',5);
INSERT INTO diagnostic_responses (diagnostic_id,rater_id,question_code,score) VALUES ('7ff06448-d55c-450a-ac62-b4f024a45b7f','5d2f3114-e1f2-4514-bce8-40d21fea8d70','LINFL',4);
INSERT INTO diagnostic_responses (diagnostic_id,rater_id,question_code,score) VALUES ('7ff06448-d55c-450a-ac62-b4f024a45b7f','5d2f3114-e1f2-4514-bce8-40d21fea8d70','LDEV',5);
INSERT INTO diagnostic_responses (diagnostic_id,rater_id,question_code,score) VALUES ('7ff06448-d55c-450a-ac62-b4f024a45b7f','5d2f3114-e1f2-4514-bce8-40d21fea8d70','LSELF',5);
INSERT INTO diagnostic_responses (diagnostic_id,rater_id,question_code,score) VALUES ('7ff06448-d55c-450a-ac62-b4f024a45b7f','5d2f3114-e1f2-4514-bce8-40d21fea8d70','LSTRAT',4);
INSERT INTO diagnostic_responses (diagnostic_id,rater_id,question_code,score) VALUES ('7ff06448-d55c-450a-ac62-b4f024a45b7f','5d2f3114-e1f2-4514-bce8-40d21fea8d70','LCOLLAB',5);
INSERT INTO diagnostic_responses (diagnostic_id,rater_id,question_code,score) VALUES ('7ff06448-d55c-450a-ac62-b4f024a45b7f','5d2f3114-e1f2-4514-bce8-40d21fea8d70','LACCT',4);
INSERT INTO diagnostic_responses (diagnostic_id,rater_id,question_code,score) VALUES ('7ff06448-d55c-450a-ac62-b4f024a45b7f','5d2f3114-e1f2-4514-bce8-40d21fea8d70','LEXPECT',5);
INSERT INTO diagnostic_responses (diagnostic_id,rater_id,question_code,score) VALUES ('7ff06448-d55c-450a-ac62-b4f024a45b7f','5d2f3114-e1f2-4514-bce8-40d21fea8d70','LCRISIS',5);
INSERT INTO diagnostic_responses (diagnostic_id,rater_id,question_code,score) VALUES ('7ff06448-d55c-450a-ac62-b4f024a45b7f','5d2f3114-e1f2-4514-bce8-40d21fea8d70','LINSPIRE',5);
INSERT INTO diagnostic_responses (diagnostic_id,rater_id,question_code,score) VALUES ('7ff06448-d55c-450a-ac62-b4f024a45b7f','5d2f3114-e1f2-4514-bce8-40d21fea8d70','LRELAT',5);
INSERT INTO diagnostic_responses (diagnostic_id,rater_id,question_code,score) VALUES ('7ff06448-d55c-450a-ac62-b4f024a45b7f','5d2f3114-e1f2-4514-bce8-40d21fea8d70','D1',10);
INSERT INTO diagnostic_responses (diagnostic_id,rater_id,question_code,text_response) VALUES ('7ff06448-d55c-450a-ac62-b4f024a45b7f','5d2f3114-e1f2-4514-bce8-40d21fea8d70','LSTART_TRUST','One thing that could further strengthen trust is increasing transparency around decision-making and priorities. Providing a bit more context behind strategic choices would help the team feel even more aligned and included. Overall, the foundation of trust is already strong, and this would elevate it further.');
INSERT INTO diagnostic_responses (diagnostic_id,rater_id,question_code,text_response) VALUES ('7ff06448-d55c-450a-ac62-b4f024a45b7f','5d2f3114-e1f2-4514-bce8-40d21fea8d70','LSTOP_INIT','Creating more room for ownership would help build confidence and empowerment.');
INSERT INTO diagnostic_responses (diagnostic_id,rater_id,question_code,text_response) VALUES ('7ff06448-d55c-450a-ac62-b4f024a45b7f','5d2f3114-e1f2-4514-bce8-40d21fea8d70','LCONT_PROD','Continuing to provide clear direction and support has a strong positive impact on team productivity. Your accessibility and guidance help the team stay aligned, focused, and confident in moving work forward.');
INSERT INTO diagnostic_responses (diagnostic_id,rater_id,question_code,text_response) VALUES ('7ff06448-d55c-450a-ac62-b4f024a45b7f','5d2f3114-e1f2-4514-bce8-40d21fea8d70','LSTOP_COMM','At this time, I do not see any consistent behaviors that need to stop. Communication and leadership effectiveness are strong, and the current approach is working well for the team.');
INSERT INTO diagnostic_responses (diagnostic_id,rater_id,question_code,text_response) VALUES ('7ff06448-d55c-450a-ac62-b4f024a45b7f','5d2f3114-e1f2-4514-bce8-40d21fea8d70','LCREATIVE','A particularly valuable approach has been creating space for open dialogue and collaborative problem-solving. Encouraging team input before making decisions has strengthened engagement, alignment, and overall effectiveness.');
INSERT INTO diagnostic_responses (diagnostic_id,rater_id,question_code,text_response) VALUES ('7ff06448-d55c-450a-ac62-b4f024a45b7f','5d2f3114-e1f2-4514-bce8-40d21fea8d70','LSTART_IMPACT','One thing that could further elevate your leadership impact is sharing more of your long-term vision and strategic thinking with the team. Providing greater insight into future goals and priorities would help strengthen alignment, ownership, and overall engagement.');
INSERT INTO diagnostic_responses (diagnostic_id,rater_id,question_code,text_response) VALUES ('7ff06448-d55c-450a-ac62-b4f024a45b7f','5d2f3114-e1f2-4514-bce8-40d21fea8d70','LSTOP_IMPACT','One opportunity for increased effectiveness may be stepping back slightly in situations where the team can independently navigate solutions. Allowing more space for ownership could further strengthen confidence, accountability, and overall team growth.');
INSERT INTO diagnostic_responses (diagnostic_id,rater_id,question_code,text_response) VALUES ('7ff06448-d55c-450a-ac62-b4f024a45b7f','5d2f3114-e1f2-4514-bce8-40d21fea8d70','LCONT_IMPACT','One thing you do exceptionally well is being responsive and accessible. Your timely communication and willingness to support the team create clarity, reduce bottlenecks, and help us stay productive and aligned.');
INSERT INTO diagnostic_responses (diagnostic_id,rater_id,question_code,text_response) VALUES ('7ff06448-d55c-450a-ac62-b4f024a45b7f','5d2f3114-e1f2-4514-bce8-40d21fea8d70','LDESCRIBE','Approachable, responsive, supportive, decisive, and empowering. David fosters collaboration, provides clear guidance, and builds trust while encouraging the team to take initiative.');
INSERT INTO diagnostic_raters (id,diagnostic_id,name,email,relationship,is_self,completed_at,created_at) VALUES ('3e49e7eb-6840-4ec1-bde7-7dd0a56a2498','7ff06448-d55c-450a-ac62-b4f024a45b7f','Happy Miller','happy.miller@rrps.net','External Partner',false,'2025-04-26T00:00:00Z','2025-04-26T00:00:00Z');
INSERT INTO diagnostic_responses (diagnostic_id,rater_id,question_code,score) VALUES ('7ff06448-d55c-450a-ac62-b4f024a45b7f','3e49e7eb-6840-4ec1-bde7-7dd0a56a2498','A1',4);
INSERT INTO diagnostic_responses (diagnostic_id,rater_id,question_code,score) VALUES ('7ff06448-d55c-450a-ac62-b4f024a45b7f','3e49e7eb-6840-4ec1-bde7-7dd0a56a2498','B1',3);
INSERT INTO diagnostic_responses (diagnostic_id,rater_id,question_code,score) VALUES ('7ff06448-d55c-450a-ac62-b4f024a45b7f','3e49e7eb-6840-4ec1-bde7-7dd0a56a2498','B2',4);
INSERT INTO diagnostic_responses (diagnostic_id,rater_id,question_code,score) VALUES ('7ff06448-d55c-450a-ac62-b4f024a45b7f','3e49e7eb-6840-4ec1-bde7-7dd0a56a2498','B3',4);
INSERT INTO diagnostic_responses (diagnostic_id,rater_id,question_code,score) VALUES ('7ff06448-d55c-450a-ac62-b4f024a45b7f','3e49e7eb-6840-4ec1-bde7-7dd0a56a2498','C1',4);
INSERT INTO diagnostic_responses (diagnostic_id,rater_id,question_code,score) VALUES ('7ff06448-d55c-450a-ac62-b4f024a45b7f','3e49e7eb-6840-4ec1-bde7-7dd0a56a2498','LCOMM',4);
INSERT INTO diagnostic_responses (diagnostic_id,rater_id,question_code,score) VALUES ('7ff06448-d55c-450a-ac62-b4f024a45b7f','3e49e7eb-6840-4ec1-bde7-7dd0a56a2498','LCONF',4);
INSERT INTO diagnostic_responses (diagnostic_id,rater_id,question_code,score) VALUES ('7ff06448-d55c-450a-ac62-b4f024a45b7f','3e49e7eb-6840-4ec1-bde7-7dd0a56a2498','LINFL',4);
INSERT INTO diagnostic_responses (diagnostic_id,rater_id,question_code,score) VALUES ('7ff06448-d55c-450a-ac62-b4f024a45b7f','3e49e7eb-6840-4ec1-bde7-7dd0a56a2498','LDEV',4);
INSERT INTO diagnostic_responses (diagnostic_id,rater_id,question_code,score) VALUES ('7ff06448-d55c-450a-ac62-b4f024a45b7f','3e49e7eb-6840-4ec1-bde7-7dd0a56a2498','LSELF',4);
INSERT INTO diagnostic_responses (diagnostic_id,rater_id,question_code,score) VALUES ('7ff06448-d55c-450a-ac62-b4f024a45b7f','3e49e7eb-6840-4ec1-bde7-7dd0a56a2498','LSTRAT',3);
INSERT INTO diagnostic_responses (diagnostic_id,rater_id,question_code,score) VALUES ('7ff06448-d55c-450a-ac62-b4f024a45b7f','3e49e7eb-6840-4ec1-bde7-7dd0a56a2498','LCOLLAB',3);
INSERT INTO diagnostic_responses (diagnostic_id,rater_id,question_code,score) VALUES ('7ff06448-d55c-450a-ac62-b4f024a45b7f','3e49e7eb-6840-4ec1-bde7-7dd0a56a2498','LACCT',4);
INSERT INTO diagnostic_responses (diagnostic_id,rater_id,question_code,score) VALUES ('7ff06448-d55c-450a-ac62-b4f024a45b7f','3e49e7eb-6840-4ec1-bde7-7dd0a56a2498','LEXPECT',3);
INSERT INTO diagnostic_responses (diagnostic_id,rater_id,question_code,score) VALUES ('7ff06448-d55c-450a-ac62-b4f024a45b7f','3e49e7eb-6840-4ec1-bde7-7dd0a56a2498','LCRISIS',4);
INSERT INTO diagnostic_responses (diagnostic_id,rater_id,question_code,score) VALUES ('7ff06448-d55c-450a-ac62-b4f024a45b7f','3e49e7eb-6840-4ec1-bde7-7dd0a56a2498','LINSPIRE',4);
INSERT INTO diagnostic_responses (diagnostic_id,rater_id,question_code,score) VALUES ('7ff06448-d55c-450a-ac62-b4f024a45b7f','3e49e7eb-6840-4ec1-bde7-7dd0a56a2498','LRELAT',4);
INSERT INTO diagnostic_responses (diagnostic_id,rater_id,question_code,score) VALUES ('7ff06448-d55c-450a-ac62-b4f024a45b7f','3e49e7eb-6840-4ec1-bde7-7dd0a56a2498','D1',9);
INSERT INTO diagnostic_responses (diagnostic_id,rater_id,question_code,text_response) VALUES ('7ff06448-d55c-450a-ac62-b4f024a45b7f','3e49e7eb-6840-4ec1-bde7-7dd0a56a2498','LSTART_TRUST','It''s not so much "start" as "increase". Communication and transparency about business rules and processes helps districts understand and interpret the data correctly. I understand that it is a challenge to communicate with such a wide array of internal and external stakeholders and that David often does not have the authority to set timelines, etc., but greater communication and transparency would help build trust.');
INSERT INTO diagnostic_responses (diagnostic_id,rater_id,question_code,text_response) VALUES ('7ff06448-d55c-450a-ac62-b4f024a45b7f','3e49e7eb-6840-4ec1-bde7-7dd0a56a2498','LSTOP_INIT','This is a hard question to answer as I am not internal to PED. I wish that AREA leadership had greater authority to make decisions and carry them out but high level decisions are made by PED Cabinet members. The PED Accountability team is also required to seek approval from the U.S. Department of Education for many issues related to school accountability. So there is a limited range within which they can take initiative. However, it feels like within this context the Accountability team is not as proactive as they could be.');
INSERT INTO diagnostic_responses (diagnostic_id,rater_id,question_code,text_response) VALUES ('7ff06448-d55c-450a-ac62-b4f024a45b7f','3e49e7eb-6840-4ec1-bde7-7dd0a56a2498','LCONT_PROD','David has been willing to meaningfully engage with some district stakeholders to develop processes that work for both PED and the districts. We greatly appreciate his willingness to listen and take action based on district feedback.');
INSERT INTO diagnostic_responses (diagnostic_id,rater_id,question_code,text_response) VALUES ('7ff06448-d55c-450a-ac62-b4f024a45b7f','3e49e7eb-6840-4ec1-bde7-7dd0a56a2498','LSTOP_COMM','This is challenging when dealing with a wide variety of stakeholders and time pressures, but David sometimes responds quickly to emails and sometimes we don''t receive a response at all. It would be nice to always receive a response even if the response is an explanation of why the question cannot be answered.');
INSERT INTO diagnostic_responses (diagnostic_id,rater_id,question_code,text_response) VALUES ('7ff06448-d55c-450a-ac62-b4f024a45b7f','3e49e7eb-6840-4ec1-bde7-7dd0a56a2498','LCREATIVE','This shouldn''t really be considered to be creative or innovative, but I credit David and his team (including advisors from the Center for Assessment) with documenting practices and business rules. For a while there was so much turnover that each year there were new interpretations of the state ESSA plan and its associated business rules. I credit David with bringing some longitudinal stability to the process.');
INSERT INTO diagnostic_responses (diagnostic_id,rater_id,question_code,text_response) VALUES ('7ff06448-d55c-450a-ac62-b4f024a45b7f','3e49e7eb-6840-4ec1-bde7-7dd0a56a2498','LSTART_IMPACT','Again, it''s not "start" but "increase" or "improve". 
1. There should be more communication within the PED, especially with IT and content departments. I know that there have been efforts to improve the relationship with IT, but the lack of consistent and timely access to data that the accountability team needs is hampering their effectiveness.
2. Take a more proactive approach with upcoming issues. For example, federal guidelines for reporting race and ethnicity changed in 2024. This will affect federal reporting undertaken by David''s team. At this point in time districts are not aware of a clear plan with the steps needed to make this transition. For example, before David''s team reports the data, the state reporting descriptors will need to change. The districts will need to be notified by January of the prior year of the changes so that their registration forms can be modified. Also, the SIS vendors for state reporting need to be informed.');
INSERT INTO diagnostic_responses (diagnostic_id,rater_id,question_code,text_response) VALUES ('7ff06448-d55c-450a-ac62-b4f024a45b7f','3e49e7eb-6840-4ec1-bde7-7dd0a56a2498','LSTOP_IMPACT','I am not aware of anything that should be stopped.');
INSERT INTO diagnostic_responses (diagnostic_id,rater_id,question_code,text_response) VALUES ('7ff06448-d55c-450a-ac62-b4f024a45b7f','3e49e7eb-6840-4ec1-bde7-7dd0a56a2498','LCONT_IMPACT','I appreciate that David listens to feedback and cares about the details.');
INSERT INTO diagnostic_responses (diagnostic_id,rater_id,question_code,text_response) VALUES ('7ff06448-d55c-450a-ac62-b4f024a45b7f','3e49e7eb-6840-4ec1-bde7-7dd0a56a2498','LDESCRIBE','Calm, considerate, thoughtful');
INSERT INTO diagnostic_raters (id,diagnostic_id,name,email,relationship,is_self,completed_at,created_at) VALUES ('228851a5-d457-4e1d-858b-afc282f51e1f','7ff06448-d55c-450a-ac62-b4f024a45b7f','Daniel Barto','daniel.barto@ped.nm.gov','Peer',false,'2025-04-26T00:00:00Z','2025-04-26T00:00:00Z');
INSERT INTO diagnostic_responses (diagnostic_id,rater_id,question_code,score) VALUES ('7ff06448-d55c-450a-ac62-b4f024a45b7f','228851a5-d457-4e1d-858b-afc282f51e1f','A1',5);
INSERT INTO diagnostic_responses (diagnostic_id,rater_id,question_code,score) VALUES ('7ff06448-d55c-450a-ac62-b4f024a45b7f','228851a5-d457-4e1d-858b-afc282f51e1f','B1',5);
INSERT INTO diagnostic_responses (diagnostic_id,rater_id,question_code,score) VALUES ('7ff06448-d55c-450a-ac62-b4f024a45b7f','228851a5-d457-4e1d-858b-afc282f51e1f','B2',5);
INSERT INTO diagnostic_responses (diagnostic_id,rater_id,question_code,score) VALUES ('7ff06448-d55c-450a-ac62-b4f024a45b7f','228851a5-d457-4e1d-858b-afc282f51e1f','B3',5);
INSERT INTO diagnostic_responses (diagnostic_id,rater_id,question_code,score) VALUES ('7ff06448-d55c-450a-ac62-b4f024a45b7f','228851a5-d457-4e1d-858b-afc282f51e1f','C1',5);
INSERT INTO diagnostic_responses (diagnostic_id,rater_id,question_code,score) VALUES ('7ff06448-d55c-450a-ac62-b4f024a45b7f','228851a5-d457-4e1d-858b-afc282f51e1f','LCOMM',5);
INSERT INTO diagnostic_responses (diagnostic_id,rater_id,question_code,score) VALUES ('7ff06448-d55c-450a-ac62-b4f024a45b7f','228851a5-d457-4e1d-858b-afc282f51e1f','LCONF',5);
INSERT INTO diagnostic_responses (diagnostic_id,rater_id,question_code,score) VALUES ('7ff06448-d55c-450a-ac62-b4f024a45b7f','228851a5-d457-4e1d-858b-afc282f51e1f','LINFL',5);
INSERT INTO diagnostic_responses (diagnostic_id,rater_id,question_code,score) VALUES ('7ff06448-d55c-450a-ac62-b4f024a45b7f','228851a5-d457-4e1d-858b-afc282f51e1f','LDEV',5);
INSERT INTO diagnostic_responses (diagnostic_id,rater_id,question_code,score) VALUES ('7ff06448-d55c-450a-ac62-b4f024a45b7f','228851a5-d457-4e1d-858b-afc282f51e1f','LSELF',5);
INSERT INTO diagnostic_responses (diagnostic_id,rater_id,question_code,score) VALUES ('7ff06448-d55c-450a-ac62-b4f024a45b7f','228851a5-d457-4e1d-858b-afc282f51e1f','LSTRAT',5);
INSERT INTO diagnostic_responses (diagnostic_id,rater_id,question_code,score) VALUES ('7ff06448-d55c-450a-ac62-b4f024a45b7f','228851a5-d457-4e1d-858b-afc282f51e1f','LCOLLAB',5);
INSERT INTO diagnostic_responses (diagnostic_id,rater_id,question_code,score) VALUES ('7ff06448-d55c-450a-ac62-b4f024a45b7f','228851a5-d457-4e1d-858b-afc282f51e1f','LACCT',5);
INSERT INTO diagnostic_responses (diagnostic_id,rater_id,question_code,score) VALUES ('7ff06448-d55c-450a-ac62-b4f024a45b7f','228851a5-d457-4e1d-858b-afc282f51e1f','LEXPECT',5);
INSERT INTO diagnostic_responses (diagnostic_id,rater_id,question_code,score) VALUES ('7ff06448-d55c-450a-ac62-b4f024a45b7f','228851a5-d457-4e1d-858b-afc282f51e1f','LCRISIS',5);
INSERT INTO diagnostic_responses (diagnostic_id,rater_id,question_code,score) VALUES ('7ff06448-d55c-450a-ac62-b4f024a45b7f','228851a5-d457-4e1d-858b-afc282f51e1f','LINSPIRE',5);
INSERT INTO diagnostic_responses (diagnostic_id,rater_id,question_code,score) VALUES ('7ff06448-d55c-450a-ac62-b4f024a45b7f','228851a5-d457-4e1d-858b-afc282f51e1f','LRELAT',5);
INSERT INTO diagnostic_responses (diagnostic_id,rater_id,question_code,score) VALUES ('7ff06448-d55c-450a-ac62-b4f024a45b7f','228851a5-d457-4e1d-858b-afc282f51e1f','D1',10);
INSERT INTO diagnostic_responses (diagnostic_id,rater_id,question_code,text_response) VALUES ('7ff06448-d55c-450a-ac62-b4f024a45b7f','228851a5-d457-4e1d-858b-afc282f51e1f','LSTART_TRUST','Have confidence; he succeeds where many others before him have failed.');
INSERT INTO diagnostic_responses (diagnostic_id,rater_id,question_code,text_response) VALUES ('7ff06448-d55c-450a-ac62-b4f024a45b7f','228851a5-d457-4e1d-858b-afc282f51e1f','LSTOP_INIT','Try to stay focused on core-job responsibilities to produce data.');
INSERT INTO diagnostic_responses (diagnostic_id,rater_id,question_code,text_response) VALUES ('7ff06448-d55c-450a-ac62-b4f024a45b7f','228851a5-d457-4e1d-858b-afc282f51e1f','LCONT_PROD','Building out core data-infrastructure.');
INSERT INTO diagnostic_responses (diagnostic_id,rater_id,question_code,text_response) VALUES ('7ff06448-d55c-450a-ac62-b4f024a45b7f','228851a5-d457-4e1d-858b-afc282f51e1f','LSTOP_COMM','Providing clearer expectations and more advance notice would help the team plan more effectively, reduce unnecessary stress, and improve overall productivity. More proactive communication would strengthen trust and allow everyone to perform at a higher level.');
INSERT INTO diagnostic_responses (diagnostic_id,rater_id,question_code,text_response) VALUES ('7ff06448-d55c-450a-ac62-b4f024a45b7f','228851a5-d457-4e1d-858b-afc282f51e1f','LCREATIVE','One particularly valuable innovation this leader introduced was creating structured opportunities for cross-team collaboration');
INSERT INTO diagnostic_responses (diagnostic_id,rater_id,question_code,text_response) VALUES ('7ff06448-d55c-450a-ac62-b4f024a45b7f','228851a5-d457-4e1d-858b-afc282f51e1f','LSTART_IMPACT','One thing this leader could start doing to elevate their impact is communicating a clearer long-term vision and connecting daily work to broader strategic goals');
INSERT INTO diagnostic_responses (diagnostic_id,rater_id,question_code,text_response) VALUES ('7ff06448-d55c-450a-ac62-b4f024a45b7f','228851a5-d457-4e1d-858b-afc282f51e1f','LSTOP_IMPACT','One thing this leader could stop doing to become more effective is taking on too many responsibilities personally.');
INSERT INTO diagnostic_responses (diagnostic_id,rater_id,question_code,text_response) VALUES ('7ff06448-d55c-450a-ac62-b4f024a45b7f','228851a5-d457-4e1d-858b-afc282f51e1f','LCONT_IMPACT','One thing this leader does exceptionally well and should absolutely continue doing is fostering a culture of openness and approachability.');
INSERT INTO diagnostic_responses (diagnostic_id,rater_id,question_code,text_response) VALUES ('7ff06448-d55c-450a-ac62-b4f024a45b7f','228851a5-d457-4e1d-858b-afc282f51e1f','LDESCRIBE','I would describe this leader as strategic, thoughtful, and mission-driven');
INSERT INTO diagnostic_raters (id,diagnostic_id,name,email,relationship,is_self,completed_at,created_at) VALUES ('34439fd7-39cc-4101-bad2-630a517eac81','7ff06448-d55c-450a-ac62-b4f024a45b7f','David Winjum','david.winjum@ped.nm.gov','Self',true,'2025-04-26T00:00:00Z','2025-04-26T00:00:00Z');
INSERT INTO diagnostic_responses (diagnostic_id,rater_id,question_code,score) VALUES ('7ff06448-d55c-450a-ac62-b4f024a45b7f','34439fd7-39cc-4101-bad2-630a517eac81','A1',4);
INSERT INTO diagnostic_responses (diagnostic_id,rater_id,question_code,score) VALUES ('7ff06448-d55c-450a-ac62-b4f024a45b7f','34439fd7-39cc-4101-bad2-630a517eac81','B1',3);
INSERT INTO diagnostic_responses (diagnostic_id,rater_id,question_code,score) VALUES ('7ff06448-d55c-450a-ac62-b4f024a45b7f','34439fd7-39cc-4101-bad2-630a517eac81','B2',3);
INSERT INTO diagnostic_responses (diagnostic_id,rater_id,question_code,score) VALUES ('7ff06448-d55c-450a-ac62-b4f024a45b7f','34439fd7-39cc-4101-bad2-630a517eac81','B3',3);
INSERT INTO diagnostic_responses (diagnostic_id,rater_id,question_code,score) VALUES ('7ff06448-d55c-450a-ac62-b4f024a45b7f','34439fd7-39cc-4101-bad2-630a517eac81','C1',2);
INSERT INTO diagnostic_responses (diagnostic_id,rater_id,question_code,score) VALUES ('7ff06448-d55c-450a-ac62-b4f024a45b7f','34439fd7-39cc-4101-bad2-630a517eac81','LCOMM',3);
INSERT INTO diagnostic_responses (diagnostic_id,rater_id,question_code,score) VALUES ('7ff06448-d55c-450a-ac62-b4f024a45b7f','34439fd7-39cc-4101-bad2-630a517eac81','LCONF',2);
INSERT INTO diagnostic_responses (diagnostic_id,rater_id,question_code,score) VALUES ('7ff06448-d55c-450a-ac62-b4f024a45b7f','34439fd7-39cc-4101-bad2-630a517eac81','LINFL',3);
INSERT INTO diagnostic_responses (diagnostic_id,rater_id,question_code,score) VALUES ('7ff06448-d55c-450a-ac62-b4f024a45b7f','34439fd7-39cc-4101-bad2-630a517eac81','LDEV',1);
INSERT INTO diagnostic_responses (diagnostic_id,rater_id,question_code,score) VALUES ('7ff06448-d55c-450a-ac62-b4f024a45b7f','34439fd7-39cc-4101-bad2-630a517eac81','LSELF',4);
INSERT INTO diagnostic_responses (diagnostic_id,rater_id,question_code,score) VALUES ('7ff06448-d55c-450a-ac62-b4f024a45b7f','34439fd7-39cc-4101-bad2-630a517eac81','LSTRAT',4);
INSERT INTO diagnostic_responses (diagnostic_id,rater_id,question_code,score) VALUES ('7ff06448-d55c-450a-ac62-b4f024a45b7f','34439fd7-39cc-4101-bad2-630a517eac81','LCOLLAB',3);
INSERT INTO diagnostic_responses (diagnostic_id,rater_id,question_code,score) VALUES ('7ff06448-d55c-450a-ac62-b4f024a45b7f','34439fd7-39cc-4101-bad2-630a517eac81','LACCT',4);
INSERT INTO diagnostic_responses (diagnostic_id,rater_id,question_code,score) VALUES ('7ff06448-d55c-450a-ac62-b4f024a45b7f','34439fd7-39cc-4101-bad2-630a517eac81','LEXPECT',3);
INSERT INTO diagnostic_responses (diagnostic_id,rater_id,question_code,score) VALUES ('7ff06448-d55c-450a-ac62-b4f024a45b7f','34439fd7-39cc-4101-bad2-630a517eac81','LCRISIS',2);
INSERT INTO diagnostic_responses (diagnostic_id,rater_id,question_code,score) VALUES ('7ff06448-d55c-450a-ac62-b4f024a45b7f','34439fd7-39cc-4101-bad2-630a517eac81','LINSPIRE',3);
INSERT INTO diagnostic_responses (diagnostic_id,rater_id,question_code,score) VALUES ('7ff06448-d55c-450a-ac62-b4f024a45b7f','34439fd7-39cc-4101-bad2-630a517eac81','LRELAT',3);
INSERT INTO diagnostic_responses (diagnostic_id,rater_id,question_code,score) VALUES ('7ff06448-d55c-450a-ac62-b4f024a45b7f','34439fd7-39cc-4101-bad2-630a517eac81','D1',5);
INSERT INTO diagnostic_responses (diagnostic_id,rater_id,question_code,text_response) VALUES ('7ff06448-d55c-450a-ac62-b4f024a45b7f','34439fd7-39cc-4101-bad2-630a517eac81','LSTART_TRUST','Be more methodical in responding to, assigning, and completing requests.');
INSERT INTO diagnostic_responses (diagnostic_id,rater_id,question_code,text_response) VALUES ('7ff06448-d55c-450a-ac62-b4f024a45b7f','34439fd7-39cc-4101-bad2-630a517eac81','LSTOP_INIT','Not sure.');
INSERT INTO diagnostic_responses (diagnostic_id,rater_id,question_code,text_response) VALUES ('7ff06448-d55c-450a-ac62-b4f024a45b7f','34439fd7-39cc-4101-bad2-630a517eac81','LCONT_PROD','Giving team members a high degree of autonomy.');
INSERT INTO diagnostic_responses (diagnostic_id,rater_id,question_code,text_response) VALUES ('7ff06448-d55c-450a-ac62-b4f024a45b7f','34439fd7-39cc-4101-bad2-630a517eac81','LSTOP_COMM','Not sure.');
INSERT INTO diagnostic_responses (diagnostic_id,rater_id,question_code,text_response) VALUES ('7ff06448-d55c-450a-ac62-b4f024a45b7f','34439fd7-39cc-4101-bad2-630a517eac81','LCREATIVE','Moving up Accountability reporting.');
INSERT INTO diagnostic_responses (diagnostic_id,rater_id,question_code,text_response) VALUES ('7ff06448-d55c-450a-ac62-b4f024a45b7f','34439fd7-39cc-4101-bad2-630a517eac81','LSTART_IMPACT','Being more systematically organized.');
INSERT INTO diagnostic_responses (diagnostic_id,rater_id,question_code,text_response) VALUES ('7ff06448-d55c-450a-ac62-b4f024a45b7f','34439fd7-39cc-4101-bad2-630a517eac81','LSTOP_IMPACT','Not sure.');
INSERT INTO diagnostic_responses (diagnostic_id,rater_id,question_code,text_response) VALUES ('7ff06448-d55c-450a-ac62-b4f024a45b7f','34439fd7-39cc-4101-bad2-630a517eac81','LCONT_IMPACT','Not sure.');
INSERT INTO diagnostic_responses (diagnostic_id,rater_id,question_code,text_response) VALUES ('7ff06448-d55c-450a-ac62-b4f024a45b7f','34439fd7-39cc-4101-bad2-630a517eac81','LDESCRIBE','I am self-effacing when I describe my management ability to others. Generally I would say I am not a great manager.

Marked "No" below because I am already subscribed to the newsletter.');
COMMIT;
